#AccessRule,user,domain,typeId,permission,principal,permissionList,state,allExceptPrincipal
AccessRule,,[/wt.inf.container.OrgContainer=CATL/wt.pdmlink.PDMLinkProduct=PLM二期测试库]/Default,WCTYPE|com.ptc.windchill.option.model.Choice,+,teamMembers,0,ALL,false
AccessRule,,[/wt.inf.container.OrgContainer=CATL/wt.pdmlink.PDMLinkProduct=PLM二期测试库]/Default,WCTYPE|com.ptc.windchill.option.model.ChoiceRule,+,teamMembers,0,ALL,false
AccessRule,,[/wt.inf.container.OrgContainer=CATL/wt.pdmlink.PDMLinkProduct=PLM二期测试库]/Default,WCTYPE|com.ptc.windchill.option.model.Group,+,teamMembers,0,ALL,false
AccessRule,,[/wt.inf.container.OrgContainer=CATL/wt.pdmlink.PDMLinkProduct=PLM二期测试库]/Default,WCTYPE|com.ptc.windchill.option.model.Option,+,teamMembers,0,ALL,false
AccessRule,,[/wt.inf.container.OrgContainer=CATL/wt.pdmlink.PDMLinkProduct=PLM二期测试库]/Default,WCTYPE|com.ptc.windchill.option.model.OptionSet,+,teamMembers,0,ALL,false
AccessRule,,[/wt.inf.container.OrgContainer=CATL/wt.pdmlink.PDMLinkProduct=PLM二期测试库]/Default,WCTYPE|wt.annotation.StructuredAnnotationSet,+,teamMembers,0,ALL,false
AccessRule,,[/wt.inf.container.OrgContainer=CATL/wt.pdmlink.PDMLinkProduct=PLM二期测试库]/Default,WCTYPE|wt.annotation.StructuredAnnotationSet,+,teamMembers,0/1/2/5/12/13/14,INWORK,false
AccessRule,,[/wt.inf.container.OrgContainer=CATL/wt.pdmlink.PDMLinkProduct=PLM二期测试库]/Default,WCTYPE|wt.change2.WTChangeActivity2|com.CATLBattery.CATLChangeActivity2,+,teamMembers,0/2/10,ALL,false
AccessRule,,[/wt.inf.container.OrgContainer=CATL/wt.pdmlink.PDMLinkProduct=PLM二期测试库]/Default,WCTYPE|wt.change2.WTChangeActivity2|com.CATLBattery.CATLDChangeActivity2,+,teamMembers,0/2/10,ALL,false
AccessRule,,[/wt.inf.container.OrgContainer=CATL/wt.pdmlink.PDMLinkProduct=PLM二期测试库]/Default,WCTYPE|wt.change2.WTChangeOrder2|com.CATLBattery.CATLChangeNotice,+,teamMembers,0/2/10,ALL,false
AccessRule,,[/wt.inf.container.OrgContainer=CATL/wt.pdmlink.PDMLinkProduct=PLM二期测试库]/Default,WCTYPE|wt.change2.WTChangeOrder2|com.CATLBattery.CATLDChangeNotice,+,teamMembers,0/2/10,ALL,false
AccessRule,,[/wt.inf.container.OrgContainer=CATL/wt.pdmlink.PDMLinkProduct=PLM二期测试库]/Default,WCTYPE|wt.change2.WTChangeRequest2|com.CATLBattery.CATLChangeRequest,+,teamMembers,0/2/10,ALL,false
AccessRule,,[/wt.inf.container.OrgContainer=CATL/wt.pdmlink.PDMLinkProduct=PLM二期测试库]/Default,WCTYPE|wt.change2.WTVariance,+,teamMembers,0/10,ALL,false
AccessRule,,[/wt.inf.container.OrgContainer=CATL/wt.pdmlink.PDMLinkProduct=PLM二期测试库]/Default,WCTYPE|wt.change2.WTVariance,+,teamMembers,0/1/2/10/11/13/16,OPEN,false
AccessRule,,[/wt.inf.container.OrgContainer=CATL/wt.pdmlink.PDMLinkProduct=PLM二期测试库]/Default,WCTYPE|wt.fc.WTObject,+,GUEST,0/10,ALL,false
AccessRule,,[/wt.inf.container.OrgContainer=CATL/wt.pdmlink.PDMLinkProduct=PLM二期测试库]/Default,WCTYPE|wt.fc.WTObject,+,PRODUCT MANAGER,-1,ALL,false
AccessRule,,[/wt.inf.container.OrgContainer=CATL/wt.pdmlink.PDMLinkProduct=PLM二期测试库]/Default,WCTYPE|wt.folder.Cabinet,+,GUEST,0,ALL,false
AccessRule,,[/wt.inf.container.OrgContainer=CATL/wt.pdmlink.PDMLinkProduct=PLM二期测试库]/Default,WCTYPE|wt.folder.Cabinet,+,teamMembers,0/1,ALL,false
AccessRule,,[/wt.inf.container.OrgContainer=CATL/wt.pdmlink.PDMLinkProduct=PLM二期测试库]/Default,WCTYPE|wt.folder.SubFolder,+,GUEST,0,ALL,false
AccessRule,,[/wt.inf.container.OrgContainer=CATL/wt.pdmlink.PDMLinkProduct=PLM二期测试库]/Default,WCTYPE|wt.folder.SubFolder,+,teamMembers,0/1,ALL,false
AccessRule,,[/wt.inf.container.OrgContainer=CATL/wt.pdmlink.PDMLinkProduct=PLM二期测试库]/Default,WCTYPE|wt.maturity.PromotionNotice|com.CATLBattery.BomReviewPN,+,teamMembers,0/2/10,ALL,false
AccessRule,,[/wt.inf.container.OrgContainer=CATL/wt.pdmlink.PDMLinkProduct=PLM二期测试库]/Default,WCTYPE|wt.maturity.PromotionNotice|com.CATLBattery.DisabledForDesignPN,+,teamMembers,0/2/10,ALL,false
AccessRule,,[/wt.inf.container.OrgContainer=CATL/wt.pdmlink.PDMLinkProduct=PLM二期测试库]/Default,WCTYPE|wt.maturity.PromotionNotice|com.CATLBattery.PartApplyPN,+,teamMembers,0/2/10,ALL,false
AccessRule,,[/wt.inf.container.OrgContainer=CATL/wt.pdmlink.PDMLinkProduct=PLM二期测试库]/Default,WCTYPE|wt.maturity.PromotionNotice|com.CATLBattery.UpgradeFaePartMaturityPN,+,teamMembers,0/2/10,ALL,false
AccessRule,,[/wt.inf.container.OrgContainer=CATL/wt.pdmlink.PDMLinkProduct=PLM二期测试库]/Default,WCTYPE|wt.meeting.actionitem.DiscreteActionItem,+,GUEST,0,ALL,false
AccessRule,,[/wt.inf.container.OrgContainer=CATL/wt.pdmlink.PDMLinkProduct=PLM二期测试库]/Default,WCTYPE|wt.meeting.actionitem.DiscreteActionItem,+,OWNER,1,ALL,false
AccessRule,,[/wt.inf.container.OrgContainer=CATL/wt.pdmlink.PDMLinkProduct=PLM二期测试库]/Default,WCTYPE|wt.meeting.actionitem.DiscreteActionItem,+,teamMembers,0,ALL,false
AccessRule,,[/wt.inf.container.OrgContainer=CATL/wt.pdmlink.PDMLinkProduct=PLM二期测试库]/Default,WCTYPE|wt.part.WTPartAlternateLink,+,teamMembers,0/1/2/5/12/13,ALL,false
AccessRule,,[/wt.inf.container.OrgContainer=CATL/wt.pdmlink.PDMLinkProduct=PLM二期测试库]/Default,WCTYPE|wt.part.WTPartSubstituteLink,+,teamMembers,0/1/2/5/12/13,ALL,false
AccessRule,,[/wt.inf.container.OrgContainer=CATL/wt.pdmlink.PDMLinkProduct=PLM二期测试库]/Default,WCTYPE|wt.part.WTProductConfiguration,+,teamMembers,0,ALL,false
AccessRule,,[/wt.inf.container.OrgContainer=CATL/wt.pdmlink.PDMLinkProduct=PLM二期测试库]/Default,WCTYPE|wt.part.WTProductConfiguration,+,teamMembers,0/1/2/5/12/13/14,INWORK,false
AccessRule,,[/wt.inf.container.OrgContainer=CATL/wt.pdmlink.PDMLinkProduct=PLM二期测试库]/Default,WCTYPE|wt.part.WTProductInstance2,+,teamMembers,0,ALL,false
AccessRule,,[/wt.inf.container.OrgContainer=CATL/wt.pdmlink.PDMLinkProduct=PLM二期测试库]/Default,WCTYPE|wt.part.WTProductInstance2,+,teamMembers,0/1/2/5/12/13/14,INWORK,false
AccessRule,,[/wt.inf.container.OrgContainer=CATL/wt.pdmlink.PDMLinkProduct=PLM二期测试库]/Default,WCTYPE|wt.part.WTProductInstance2,+,teamMembers,0/7,RELEASED,false
AccessRule,,[/wt.inf.container.OrgContainer=CATL/wt.pdmlink.PDMLinkProduct=PLM二期测试库]/Default,WCTYPE|wt.part.alternaterep.WTPartAlternateRep,+,teamMembers,0/10,ALL,false
AccessRule,,[/wt.inf.container.OrgContainer=CATL/wt.pdmlink.PDMLinkProduct=PLM二期测试库]/Default,WCTYPE|wt.part.alternaterep.WTPartAlternateRep,+,teamMembers,1/2/5/11/12/13/14,INWORK,false
AccessRule,,[/wt.inf.container.OrgContainer=CATL/wt.pdmlink.PDMLinkProduct=PLM二期测试库]/Default,WCTYPE|wt.part.alternaterep.WTPartAlternateRep,+,teamMembers,0/10,OBSOLESCENCE,false
AccessRule,,[/wt.inf.container.OrgContainer=CATL/wt.pdmlink.PDMLinkProduct=PLM二期测试库]/Default,WCTYPE|wt.part.alternaterep.WTPartAlternateRep,+,teamMembers,0/10,PROTOTYPE,false
AccessRule,,[/wt.inf.container.OrgContainer=CATL/wt.pdmlink.PDMLinkProduct=PLM二期测试库]/Default,WCTYPE|wt.part.alternaterep.WTPartAlternateRep,+,teamMembers,0/10,RELEASED,false
AccessRule,,[/wt.inf.container.OrgContainer=CATL/wt.pdmlink.PDMLinkProduct=PLM二期测试库]/Default,WCTYPE|wt.part.alternaterep.WTPartAlternateRep,+,teamMembers,0/10,UNDERREVIEW,false
AccessRule,,[/wt.inf.container.OrgContainer=CATL/wt.pdmlink.PDMLinkProduct=PLM二期测试库]/Default,WCTYPE|wt.vc.baseline.ManagedBaseline,+,teamMembers,0,ALL,false
AccessRule,,[/wt.inf.container.OrgContainer=CATL/wt.pdmlink.PDMLinkProduct=PLM二期测试库]/Default,WCTYPE|wt.vc.baseline.ManagedBaseline,+,teamMembers,0/1/2/5/12/13/14/16,INWORK,false
#AccessRule,user,domain,typeId,permission,principal,permissionList,state,allExceptPrincipal
AccessRule,,[/wt.inf.container.OrgContainer=CATL/wt.pdmlink.PDMLinkProduct=PLM二期测试库]/Default/CATLDefault/Catia图档,WCTYPE|wt.epm.EPMDocument,+,CATL_EE_READER,0/10,ALL,false
AccessRule,,[/wt.inf.container.OrgContainer=CATL/wt.pdmlink.PDMLinkProduct=PLM二期测试库]/Default/CATLDefault/Catia图档,WCTYPE|wt.epm.EPMDocument,+,CATL_HARNESS_READER,0/10,ALL,false
AccessRule,,[/wt.inf.container.OrgContainer=CATL/wt.pdmlink.PDMLinkProduct=PLM二期测试库]/Default/CATLDefault/Catia图档,WCTYPE|wt.epm.EPMDocument,+,CATL_MANUFACTURER_READER,0/10,ALL,false
AccessRule,,[/wt.inf.container.OrgContainer=CATL/wt.pdmlink.PDMLinkProduct=PLM二期测试库]/Default/CATLDefault/Catia图档,WCTYPE|wt.epm.EPMDocument,+,CATL_MCAD_READER,0/10,ALL,false
AccessRule,,[/wt.inf.container.OrgContainer=CATL/wt.pdmlink.PDMLinkProduct=PLM二期测试库]/Default/CATLDefault/Catia图档,WCTYPE|wt.epm.EPMDocument,+,CATL_PROCESS_READER,0/10,ALL,false
AccessRule,,[/wt.inf.container.OrgContainer=CATL/wt.pdmlink.PDMLinkProduct=PLM二期测试库]/Default/CATLDefault/Catia图档,WCTYPE|wt.epm.EPMDocument,+,CATL_QUALITY_READER,0/10,ALL,false
AccessRule,,[/wt.inf.container.OrgContainer=CATL/wt.pdmlink.PDMLinkProduct=PLM二期测试库]/Default/CATLDefault/Catia图档,WCTYPE|wt.epm.EPMDocument,+,CATL_SE_READER,0/10,ALL,false
AccessRule,,[/wt.inf.container.OrgContainer=CATL/wt.pdmlink.PDMLinkProduct=PLM二期测试库]/Default/CATLDefault/Catia图档,WCTYPE|wt.epm.EPMDocument,+,CATL_THERMAL_EMULATION_READER,0/10,ALL,false
AccessRule,,[/wt.inf.container.OrgContainer=CATL/wt.pdmlink.PDMLinkProduct=PLM二期测试库]/Default/CATLDefault/Catia图档,WCTYPE|wt.epm.EPMDocument,+,CERTIFICATION_ENGINEER,0/10,RELEASED,false
AccessRule,,[/wt.inf.container.OrgContainer=CATL/wt.pdmlink.PDMLinkProduct=PLM二期测试库]/Default/CATLDefault/Catia图档,WCTYPE|wt.epm.EPMDocument,+,CUSTOMER_SERVICE_REPRESENT,0/10,RELEASED,false
AccessRule,,[/wt.inf.container.OrgContainer=CATL/wt.pdmlink.PDMLinkProduct=PLM二期测试库]/Default/CATLDefault/Catia图档,WCTYPE|wt.epm.EPMDocument,+,DEVELOP_REPRESENT,0/10,ALL,false
AccessRule,,[/wt.inf.container.OrgContainer=CATL/wt.pdmlink.PDMLinkProduct=PLM二期测试库]/Default/CATLDefault/Catia图档,WCTYPE|wt.epm.EPMDocument,+,DOCUMENT_CONTROLLER,0/10,ALL,false
AccessRule,,[/wt.inf.container.OrgContainer=CATL/wt.pdmlink.PDMLinkProduct=PLM二期测试库]/Default/CATLDefault/Catia图档,WCTYPE|wt.epm.EPMDocument,+,EE_SYSTEM_ENGINEER,0/2/10/13,ALL,false
AccessRule,,[/wt.inf.container.OrgContainer=CATL/wt.pdmlink.PDMLinkProduct=PLM二期测试库]/Default/CATLDefault/Catia图档,WCTYPE|wt.epm.EPMDocument,+,HARDWARE_ENGINEER,0/10,ALL,false
AccessRule,,[/wt.inf.container.OrgContainer=CATL/wt.pdmlink.PDMLinkProduct=PLM二期测试库]/Default/CATLDefault/Catia图档,WCTYPE|wt.epm.EPMDocument,+,MANUFACTURE_REPRESENT,0/10,RELEASED,false
AccessRule,,[/wt.inf.container.OrgContainer=CATL/wt.pdmlink.PDMLinkProduct=PLM二期测试库]/Default/CATLDefault/Catia图档,WCTYPE|wt.epm.EPMDocument,+,MATERIAL_CONTROL,0/10,ALL,false
AccessRule,,[/wt.inf.container.OrgContainer=CATL/wt.pdmlink.PDMLinkProduct=PLM二期测试库]/Default/CATLDefault/Catia图档,WCTYPE|wt.epm.EPMDocument,+,POST_SALES_ENGINEER,0/10,RELEASED,false
AccessRule,,[/wt.inf.container.OrgContainer=CATL/wt.pdmlink.PDMLinkProduct=PLM二期测试库]/Default/CATLDefault/Catia图档,WCTYPE|wt.epm.EPMDocument,+,PROCESS_ENGINEER,0/10,RELEASED,false
AccessRule,,[/wt.inf.container.OrgContainer=CATL/wt.pdmlink.PDMLinkProduct=PLM二期测试库]/Default/CATLDefault/Catia图档,WCTYPE|wt.epm.EPMDocument,+,PROCUREMENT_REPRESENT,0/10,ALL,false
AccessRule,,[/wt.inf.container.OrgContainer=CATL/wt.pdmlink.PDMLinkProduct=PLM二期测试库]/Default/CATLDefault/Catia图档,WCTYPE|wt.epm.EPMDocument,+,PRODUCTION_SUPERVISOR,0/10,RELEASED,false
AccessRule,,[/wt.inf.container.OrgContainer=CATL/wt.pdmlink.PDMLinkProduct=PLM二期测试库]/Default/CATLDefault/Catia图档,WCTYPE|wt.epm.EPMDocument,+,PRODUCT_DATA_ENGINGEER,0/10,ALL,false
AccessRule,,[/wt.inf.container.OrgContainer=CATL/wt.pdmlink.PDMLinkProduct=PLM二期测试库]/Default/CATLDefault/Catia图档,WCTYPE|wt.epm.EPMDocument,+,PRODUCT_DECISION_COMMITTEE,0/10,RELEASED,false
AccessRule,,[/wt.inf.container.OrgContainer=CATL/wt.pdmlink.PDMLinkProduct=PLM二期测试库]/Default/CATLDefault/Catia图档,WCTYPE|wt.epm.EPMDocument,+,PRODUCT_MANAGER,0/10,RELEASED,false
AccessRule,,[/wt.inf.container.OrgContainer=CATL/wt.pdmlink.PDMLinkProduct=PLM二期测试库]/Default/CATLDefault/Catia图档,WCTYPE|wt.epm.EPMDocument,+,PRODUCT_QUALITY_ENGINEER,0/10,RELEASED,false
AccessRule,,[/wt.inf.container.OrgContainer=CATL/wt.pdmlink.PDMLinkProduct=PLM二期测试库]/Default/CATLDefault/Catia图档,WCTYPE|wt.epm.EPMDocument,+,PRODUCT_SAFE_ENGINEER,0/10,RELEASED,false
AccessRule,,[/wt.inf.container.OrgContainer=CATL/wt.pdmlink.PDMLinkProduct=PLM二期测试库]/Default/CATLDefault/Catia图档,WCTYPE|wt.epm.EPMDocument,+,PROJECT MANAGER,0/10,ALL,false
AccessRule,,[/wt.inf.container.OrgContainer=CATL/wt.pdmlink.PDMLinkProduct=PLM二期测试库]/Default/CATLDefault/Catia图档,WCTYPE|wt.epm.EPMDocument,+,PROJECT_ASSISTANT,0/10,ALL,false
AccessRule,,[/wt.inf.container.OrgContainer=CATL/wt.pdmlink.PDMLinkProduct=PLM二期测试库]/Default/CATLDefault/Catia图档,WCTYPE|wt.epm.EPMDocument,+,QUALITY_REPRESENTATIVE,0/10,RELEASED,false
AccessRule,,[/wt.inf.container.OrgContainer=CATL/wt.pdmlink.PDMLinkProduct=PLM二期测试库]/Default/CATLDefault/Catia图档,WCTYPE|wt.epm.EPMDocument,+,RELIABILITYENGINEER,0/10,RELEASED,false
AccessRule,,[/wt.inf.container.OrgContainer=CATL/wt.pdmlink.PDMLinkProduct=PLM二期测试库]/Default/CATLDefault/Catia图档,WCTYPE|wt.epm.EPMDocument,+,STANDARDIZATION_ENGINEER,0/10,ALL,false
AccessRule,,[/wt.inf.container.OrgContainer=CATL/wt.pdmlink.PDMLinkProduct=PLM二期测试库]/Default/CATLDefault/Catia图档,WCTYPE|wt.epm.EPMDocument,+,STRUCTURAL_DESIGN_ENGINEER,0/2/10/13,ALL,false
AccessRule,,[/wt.inf.container.OrgContainer=CATL/wt.pdmlink.PDMLinkProduct=PLM二期测试库]/Default/CATLDefault/Catia图档,WCTYPE|wt.epm.EPMDocument,+,SUPPLIER_UQALITY_MANAGEMENT,0/10,RELEASED,false
AccessRule,,[/wt.inf.container.OrgContainer=CATL/wt.pdmlink.PDMLinkProduct=PLM二期测试库]/Default/CATLDefault/Catia图档,WCTYPE|wt.epm.EPMDocument,+,SYSTEM_ENGINEER,0/10,ALL,false
AccessRule,,[/wt.inf.container.OrgContainer=CATL/wt.pdmlink.PDMLinkProduct=PLM二期测试库]/Default/CATLDefault/Catia图档,WCTYPE|wt.epm.EPMDocument,+,TEST_ENGINEER,0/10,RELEASED,false
AccessRule,,[/wt.inf.container.OrgContainer=CATL/wt.pdmlink.PDMLinkProduct=PLM二期测试库]/Default/CATLDefault/Catia图档,WCTYPE|wt.epm.EPMDocument,+,THERMAL-MANAGEMENT_EMULATE_ENGINEER,0/2/10/13,ALL,false
AccessRule,,[/wt.inf.container.OrgContainer=CATL/wt.pdmlink.PDMLinkProduct=PLM二期测试库]/Default/CATLDefault/Catia图档,WCTYPE|wt.epm.EPMDocument,+,WICKING_ENGINEER,0/2/10/13,ALL,false
AccessRule,,[/wt.inf.container.OrgContainer=CATL/wt.pdmlink.PDMLinkProduct=PLM二期测试库]/Default/CATLDefault/Catia图档,WCTYPE|wt.epm.EPMDocument,+,teamMembers,7,RELEASED,false
#AccessRule,user,domain,typeId,permission,principal,permissionList,state,allExceptPrincipal
AccessRule,,[/wt.inf.container.OrgContainer=CATL/wt.pdmlink.PDMLinkProduct=PLM二期测试库]/Default/CATLDefault/Gerber文件,WCTYPE|wt.doc.WTDocument|com.CATLBattery.CATLDocument|com.CATLBattery.gerberDoc,+,CATL_EE_READER,0/10,ALL,false
AccessRule,,[/wt.inf.container.OrgContainer=CATL/wt.pdmlink.PDMLinkProduct=PLM二期测试库]/Default/CATLDefault/Gerber文件,WCTYPE|wt.doc.WTDocument|com.CATLBattery.CATLDocument|com.CATLBattery.gerberDoc,+,CATL_HARNESS_READER,0/10,ALL,false
AccessRule,,[/wt.inf.container.OrgContainer=CATL/wt.pdmlink.PDMLinkProduct=PLM二期测试库]/Default/CATLDefault/Gerber文件,WCTYPE|wt.doc.WTDocument|com.CATLBattery.CATLDocument|com.CATLBattery.gerberDoc,+,CATL_MCAD_READER,0/10,ALL,false
AccessRule,,[/wt.inf.container.OrgContainer=CATL/wt.pdmlink.PDMLinkProduct=PLM二期测试库]/Default/CATLDefault/Gerber文件,WCTYPE|wt.doc.WTDocument|com.CATLBattery.CATLDocument|com.CATLBattery.gerberDoc,+,CATL_PROCESS_READER,0/10,RELEASED,false
AccessRule,,[/wt.inf.container.OrgContainer=CATL/wt.pdmlink.PDMLinkProduct=PLM二期测试库]/Default/CATLDefault/Gerber文件,WCTYPE|wt.doc.WTDocument|com.CATLBattery.CATLDocument|com.CATLBattery.gerberDoc,+,CATL_SE_READER,0/10,ALL,false
AccessRule,,[/wt.inf.container.OrgContainer=CATL/wt.pdmlink.PDMLinkProduct=PLM二期测试库]/Default/CATLDefault/Gerber文件,WCTYPE|wt.doc.WTDocument|com.CATLBattery.CATLDocument|com.CATLBattery.gerberDoc,+,CATL_THERMAL_EMULATION_READER,0/10,ALL,false
AccessRule,,[/wt.inf.container.OrgContainer=CATL/wt.pdmlink.PDMLinkProduct=PLM二期测试库]/Default/CATLDefault/Gerber文件,WCTYPE|wt.doc.WTDocument|com.CATLBattery.CATLDocument|com.CATLBattery.gerberDoc,+,CERTIFICATION_ENGINEER,0/10,RELEASED,false
AccessRule,,[/wt.inf.container.OrgContainer=CATL/wt.pdmlink.PDMLinkProduct=PLM二期测试库]/Default/CATLDefault/Gerber文件,WCTYPE|wt.doc.WTDocument|com.CATLBattery.CATLDocument|com.CATLBattery.gerberDoc,+,DEVELOP_REPRESENT,0/10,ALL,false
AccessRule,,[/wt.inf.container.OrgContainer=CATL/wt.pdmlink.PDMLinkProduct=PLM二期测试库]/Default/CATLDefault/Gerber文件,WCTYPE|wt.doc.WTDocument|com.CATLBattery.CATLDocument|com.CATLBattery.gerberDoc,+,DOCUMENT_CONTROLLER,0/10,ALL,false
AccessRule,,[/wt.inf.container.OrgContainer=CATL/wt.pdmlink.PDMLinkProduct=PLM二期测试库]/Default/CATLDefault/Gerber文件,WCTYPE|wt.doc.WTDocument|com.CATLBattery.CATLDocument|com.CATLBattery.gerberDoc,+,EE_SYSTEM_ENGINEER,0/2/10/13,ALL,false
AccessRule,,[/wt.inf.container.OrgContainer=CATL/wt.pdmlink.PDMLinkProduct=PLM二期测试库]/Default/CATLDefault/Gerber文件,WCTYPE|wt.doc.WTDocument|com.CATLBattery.CATLDocument|com.CATLBattery.gerberDoc,+,HARDWARE_ENGINEER,0/2/10/13,ALL,false
AccessRule,,[/wt.inf.container.OrgContainer=CATL/wt.pdmlink.PDMLinkProduct=PLM二期测试库]/Default/CATLDefault/Gerber文件,WCTYPE|wt.doc.WTDocument|com.CATLBattery.CATLDocument|com.CATLBattery.gerberDoc,+,MATERIAL_CONTROL,0/10,ALL,false
AccessRule,,[/wt.inf.container.OrgContainer=CATL/wt.pdmlink.PDMLinkProduct=PLM二期测试库]/Default/CATLDefault/Gerber文件,WCTYPE|wt.doc.WTDocument|com.CATLBattery.CATLDocument|com.CATLBattery.gerberDoc,+,PROCUREMENT_REPRESENT,0/10,ALL,false
AccessRule,,[/wt.inf.container.OrgContainer=CATL/wt.pdmlink.PDMLinkProduct=PLM二期测试库]/Default/CATLDefault/Gerber文件,WCTYPE|wt.doc.WTDocument|com.CATLBattery.CATLDocument|com.CATLBattery.gerberDoc,+,PRODUCT_DATA_ENGINGEER,0/10,ALL,false
AccessRule,,[/wt.inf.container.OrgContainer=CATL/wt.pdmlink.PDMLinkProduct=PLM二期测试库]/Default/CATLDefault/Gerber文件,WCTYPE|wt.doc.WTDocument|com.CATLBattery.CATLDocument|com.CATLBattery.gerberDoc,+,PRODUCT_DECISION_COMMITTEE,0/10,RELEASED,false
AccessRule,,[/wt.inf.container.OrgContainer=CATL/wt.pdmlink.PDMLinkProduct=PLM二期测试库]/Default/CATLDefault/Gerber文件,WCTYPE|wt.doc.WTDocument|com.CATLBattery.CATLDocument|com.CATLBattery.gerberDoc,+,PRODUCT_MANAGER,0/10,RELEASED,false
AccessRule,,[/wt.inf.container.OrgContainer=CATL/wt.pdmlink.PDMLinkProduct=PLM二期测试库]/Default/CATLDefault/Gerber文件,WCTYPE|wt.doc.WTDocument|com.CATLBattery.CATLDocument|com.CATLBattery.gerberDoc,+,PRODUCT_QUALITY_ENGINEER,0/10,RELEASED,false
AccessRule,,[/wt.inf.container.OrgContainer=CATL/wt.pdmlink.PDMLinkProduct=PLM二期测试库]/Default/CATLDefault/Gerber文件,WCTYPE|wt.doc.WTDocument|com.CATLBattery.CATLDocument|com.CATLBattery.gerberDoc,+,PRODUCT_SAFE_ENGINEER,0/10,RELEASED,false
AccessRule,,[/wt.inf.container.OrgContainer=CATL/wt.pdmlink.PDMLinkProduct=PLM二期测试库]/Default/CATLDefault/Gerber文件,WCTYPE|wt.doc.WTDocument|com.CATLBattery.CATLDocument|com.CATLBattery.gerberDoc,+,PROJECT MANAGER,0/10,ALL,false
AccessRule,,[/wt.inf.container.OrgContainer=CATL/wt.pdmlink.PDMLinkProduct=PLM二期测试库]/Default/CATLDefault/Gerber文件,WCTYPE|wt.doc.WTDocument|com.CATLBattery.CATLDocument|com.CATLBattery.gerberDoc,+,PROJECT_ASSISTANT,0/10,ALL,false
AccessRule,,[/wt.inf.container.OrgContainer=CATL/wt.pdmlink.PDMLinkProduct=PLM二期测试库]/Default/CATLDefault/Gerber文件,WCTYPE|wt.doc.WTDocument|com.CATLBattery.CATLDocument|com.CATLBattery.gerberDoc,+,QUALITY_REPRESENTATIVE,0/10,RELEASED,false
AccessRule,,[/wt.inf.container.OrgContainer=CATL/wt.pdmlink.PDMLinkProduct=PLM二期测试库]/Default/CATLDefault/Gerber文件,WCTYPE|wt.doc.WTDocument|com.CATLBattery.CATLDocument|com.CATLBattery.gerberDoc,+,RELIABILITYENGINEER,0/10,RELEASED,false
AccessRule,,[/wt.inf.container.OrgContainer=CATL/wt.pdmlink.PDMLinkProduct=PLM二期测试库]/Default/CATLDefault/Gerber文件,WCTYPE|wt.doc.WTDocument|com.CATLBattery.CATLDocument|com.CATLBattery.gerberDoc,+,STANDARDIZATION_ENGINEER,0/10,ALL,false
AccessRule,,[/wt.inf.container.OrgContainer=CATL/wt.pdmlink.PDMLinkProduct=PLM二期测试库]/Default/CATLDefault/Gerber文件,WCTYPE|wt.doc.WTDocument|com.CATLBattery.CATLDocument|com.CATLBattery.gerberDoc,+,STRUCTURAL_DESIGN_ENGINEER,0/2/10/13,ALL,false
AccessRule,,[/wt.inf.container.OrgContainer=CATL/wt.pdmlink.PDMLinkProduct=PLM二期测试库]/Default/CATLDefault/Gerber文件,WCTYPE|wt.doc.WTDocument|com.CATLBattery.CATLDocument|com.CATLBattery.gerberDoc,+,SUPPLIER_UQALITY_MANAGEMENT,0/10,RELEASED,false
AccessRule,,[/wt.inf.container.OrgContainer=CATL/wt.pdmlink.PDMLinkProduct=PLM二期测试库]/Default/CATLDefault/Gerber文件,WCTYPE|wt.doc.WTDocument|com.CATLBattery.CATLDocument|com.CATLBattery.gerberDoc,+,SYSTEM_ENGINEER,0/10,ALL,false
AccessRule,,[/wt.inf.container.OrgContainer=CATL/wt.pdmlink.PDMLinkProduct=PLM二期测试库]/Default/CATLDefault/Gerber文件,WCTYPE|wt.doc.WTDocument|com.CATLBattery.CATLDocument|com.CATLBattery.gerberDoc,+,teamMembers,7,RELEASED,false
#AccessRule,user,domain,typeId,permission,principal,permissionList,state,allExceptPrincipal
AccessRule,,[/wt.inf.container.OrgContainer=CATL/wt.pdmlink.PDMLinkProduct=PLM二期测试库]/Default/CATLDefault/PCBA装配图,WCTYPE|wt.doc.WTDocument|com.CATLBattery.CATLDocument|com.CATLBattery.pcbaDrawing,+,CATL_EE_READER,0/10,ALL,false
AccessRule,,[/wt.inf.container.OrgContainer=CATL/wt.pdmlink.PDMLinkProduct=PLM二期测试库]/Default/CATLDefault/PCBA装配图,WCTYPE|wt.doc.WTDocument|com.CATLBattery.CATLDocument|com.CATLBattery.pcbaDrawing,+,CATL_HARNESS_READER,0/10,ALL,false
AccessRule,,[/wt.inf.container.OrgContainer=CATL/wt.pdmlink.PDMLinkProduct=PLM二期测试库]/Default/CATLDefault/PCBA装配图,WCTYPE|wt.doc.WTDocument|com.CATLBattery.CATLDocument|com.CATLBattery.pcbaDrawing,+,CATL_MANUFACTURER_READER,0/10,RELEASED,false
AccessRule,,[/wt.inf.container.OrgContainer=CATL/wt.pdmlink.PDMLinkProduct=PLM二期测试库]/Default/CATLDefault/PCBA装配图,WCTYPE|wt.doc.WTDocument|com.CATLBattery.CATLDocument|com.CATLBattery.pcbaDrawing,+,CATL_MCAD_READER,0/10,ALL,false
AccessRule,,[/wt.inf.container.OrgContainer=CATL/wt.pdmlink.PDMLinkProduct=PLM二期测试库]/Default/CATLDefault/PCBA装配图,WCTYPE|wt.doc.WTDocument|com.CATLBattery.CATLDocument|com.CATLBattery.pcbaDrawing,+,CATL_PROCESS_READER,0/10,RELEASED,false
AccessRule,,[/wt.inf.container.OrgContainer=CATL/wt.pdmlink.PDMLinkProduct=PLM二期测试库]/Default/CATLDefault/PCBA装配图,WCTYPE|wt.doc.WTDocument|com.CATLBattery.CATLDocument|com.CATLBattery.pcbaDrawing,+,CATL_SE_READER,0/10,ALL,false
AccessRule,,[/wt.inf.container.OrgContainer=CATL/wt.pdmlink.PDMLinkProduct=PLM二期测试库]/Default/CATLDefault/PCBA装配图,WCTYPE|wt.doc.WTDocument|com.CATLBattery.CATLDocument|com.CATLBattery.pcbaDrawing,+,CATL_THERMAL_EMULATION_READER,0/10,ALL,false
AccessRule,,[/wt.inf.container.OrgContainer=CATL/wt.pdmlink.PDMLinkProduct=PLM二期测试库]/Default/CATLDefault/PCBA装配图,WCTYPE|wt.doc.WTDocument|com.CATLBattery.CATLDocument|com.CATLBattery.pcbaDrawing,+,CERTIFICATION_ENGINEER,0/10,RELEASED,false
AccessRule,,[/wt.inf.container.OrgContainer=CATL/wt.pdmlink.PDMLinkProduct=PLM二期测试库]/Default/CATLDefault/PCBA装配图,WCTYPE|wt.doc.WTDocument|com.CATLBattery.CATLDocument|com.CATLBattery.pcbaDrawing,+,DEVELOP_REPRESENT,0/10,ALL,false
AccessRule,,[/wt.inf.container.OrgContainer=CATL/wt.pdmlink.PDMLinkProduct=PLM二期测试库]/Default/CATLDefault/PCBA装配图,WCTYPE|wt.doc.WTDocument|com.CATLBattery.CATLDocument|com.CATLBattery.pcbaDrawing,+,DOCUMENT_CONTROLLER,0/10,ALL,false
AccessRule,,[/wt.inf.container.OrgContainer=CATL/wt.pdmlink.PDMLinkProduct=PLM二期测试库]/Default/CATLDefault/PCBA装配图,WCTYPE|wt.doc.WTDocument|com.CATLBattery.CATLDocument|com.CATLBattery.pcbaDrawing,+,EE_SYSTEM_ENGINEER,0/2/10/13,ALL,false
AccessRule,,[/wt.inf.container.OrgContainer=CATL/wt.pdmlink.PDMLinkProduct=PLM二期测试库]/Default/CATLDefault/PCBA装配图,WCTYPE|wt.doc.WTDocument|com.CATLBattery.CATLDocument|com.CATLBattery.pcbaDrawing,+,HARDWARE_ENGINEER,0/2/10/13,ALL,false
AccessRule,,[/wt.inf.container.OrgContainer=CATL/wt.pdmlink.PDMLinkProduct=PLM二期测试库]/Default/CATLDefault/PCBA装配图,WCTYPE|wt.doc.WTDocument|com.CATLBattery.CATLDocument|com.CATLBattery.pcbaDrawing,+,MATERIAL_CONTROL,0/10,ALL,false
AccessRule,,[/wt.inf.container.OrgContainer=CATL/wt.pdmlink.PDMLinkProduct=PLM二期测试库]/Default/CATLDefault/PCBA装配图,WCTYPE|wt.doc.WTDocument|com.CATLBattery.CATLDocument|com.CATLBattery.pcbaDrawing,+,PROCUREMENT_REPRESENT,0/10,ALL,false
AccessRule,,[/wt.inf.container.OrgContainer=CATL/wt.pdmlink.PDMLinkProduct=PLM二期测试库]/Default/CATLDefault/PCBA装配图,WCTYPE|wt.doc.WTDocument|com.CATLBattery.CATLDocument|com.CATLBattery.pcbaDrawing,+,PRODUCT_DATA_ENGINGEER,0/10,ALL,false
AccessRule,,[/wt.inf.container.OrgContainer=CATL/wt.pdmlink.PDMLinkProduct=PLM二期测试库]/Default/CATLDefault/PCBA装配图,WCTYPE|wt.doc.WTDocument|com.CATLBattery.CATLDocument|com.CATLBattery.pcbaDrawing,+,PRODUCT_DECISION_COMMITTEE,0/10,RELEASED,false
AccessRule,,[/wt.inf.container.OrgContainer=CATL/wt.pdmlink.PDMLinkProduct=PLM二期测试库]/Default/CATLDefault/PCBA装配图,WCTYPE|wt.doc.WTDocument|com.CATLBattery.CATLDocument|com.CATLBattery.pcbaDrawing,+,PRODUCT_MANAGER,0/10,RELEASED,false
AccessRule,,[/wt.inf.container.OrgContainer=CATL/wt.pdmlink.PDMLinkProduct=PLM二期测试库]/Default/CATLDefault/PCBA装配图,WCTYPE|wt.doc.WTDocument|com.CATLBattery.CATLDocument|com.CATLBattery.pcbaDrawing,+,PRODUCT_QUALITY_ENGINEER,0/10,RELEASED,false
AccessRule,,[/wt.inf.container.OrgContainer=CATL/wt.pdmlink.PDMLinkProduct=PLM二期测试库]/Default/CATLDefault/PCBA装配图,WCTYPE|wt.doc.WTDocument|com.CATLBattery.CATLDocument|com.CATLBattery.pcbaDrawing,+,PRODUCT_SAFE_ENGINEER,0/10,RELEASED,false
AccessRule,,[/wt.inf.container.OrgContainer=CATL/wt.pdmlink.PDMLinkProduct=PLM二期测试库]/Default/CATLDefault/PCBA装配图,WCTYPE|wt.doc.WTDocument|com.CATLBattery.CATLDocument|com.CATLBattery.pcbaDrawing,+,PROJECT MANAGER,0/10,ALL,false
AccessRule,,[/wt.inf.container.OrgContainer=CATL/wt.pdmlink.PDMLinkProduct=PLM二期测试库]/Default/CATLDefault/PCBA装配图,WCTYPE|wt.doc.WTDocument|com.CATLBattery.CATLDocument|com.CATLBattery.pcbaDrawing,+,PROJECT_ASSISTANT,0/10,ALL,false
AccessRule,,[/wt.inf.container.OrgContainer=CATL/wt.pdmlink.PDMLinkProduct=PLM二期测试库]/Default/CATLDefault/PCBA装配图,WCTYPE|wt.doc.WTDocument|com.CATLBattery.CATLDocument|com.CATLBattery.pcbaDrawing,+,QUALITY_REPRESENTATIVE,0/10,RELEASED,false
AccessRule,,[/wt.inf.container.OrgContainer=CATL/wt.pdmlink.PDMLinkProduct=PLM二期测试库]/Default/CATLDefault/PCBA装配图,WCTYPE|wt.doc.WTDocument|com.CATLBattery.CATLDocument|com.CATLBattery.pcbaDrawing,+,RELIABILITYENGINEER,0/10,RELEASED,false
AccessRule,,[/wt.inf.container.OrgContainer=CATL/wt.pdmlink.PDMLinkProduct=PLM二期测试库]/Default/CATLDefault/PCBA装配图,WCTYPE|wt.doc.WTDocument|com.CATLBattery.CATLDocument|com.CATLBattery.pcbaDrawing,+,STANDARDIZATION_ENGINEER,0/10,ALL,false
AccessRule,,[/wt.inf.container.OrgContainer=CATL/wt.pdmlink.PDMLinkProduct=PLM二期测试库]/Default/CATLDefault/PCBA装配图,WCTYPE|wt.doc.WTDocument|com.CATLBattery.CATLDocument|com.CATLBattery.pcbaDrawing,+,STRUCTURAL_DESIGN_ENGINEER,0/2/10/13,ALL,false
AccessRule,,[/wt.inf.container.OrgContainer=CATL/wt.pdmlink.PDMLinkProduct=PLM二期测试库]/Default/CATLDefault/PCBA装配图,WCTYPE|wt.doc.WTDocument|com.CATLBattery.CATLDocument|com.CATLBattery.pcbaDrawing,+,SUPPLIER_UQALITY_MANAGEMENT,0/10,RELEASED,false
AccessRule,,[/wt.inf.container.OrgContainer=CATL/wt.pdmlink.PDMLinkProduct=PLM二期测试库]/Default/CATLDefault/PCBA装配图,WCTYPE|wt.doc.WTDocument|com.CATLBattery.CATLDocument|com.CATLBattery.pcbaDrawing,+,SYSTEM_ENGINEER,0/10,ALL,false
AccessRule,,[/wt.inf.container.OrgContainer=CATL/wt.pdmlink.PDMLinkProduct=PLM二期测试库]/Default/CATLDefault/PCBA装配图,WCTYPE|wt.doc.WTDocument|com.CATLBattery.CATLDocument|com.CATLBattery.pcbaDrawing,+,teamMembers,7,RELEASED,false
#AccessRule,user,domain,typeId,permission,principal,permissionList,state,allExceptPrincipal
AccessRule,,[/wt.inf.container.OrgContainer=CATL/wt.pdmlink.PDMLinkProduct=PLM二期测试库]/Default/CATLDefault/产品技术文件,WCTYPE|wt.doc.WTDocument|com.ptc.ReferenceDocument|com.CATLBattery.technicalDoc,+,CATL_DEVICE_READER,0/10,RELEASED,false
AccessRule,,[/wt.inf.container.OrgContainer=CATL/wt.pdmlink.PDMLinkProduct=PLM二期测试库]/Default/CATLDefault/产品技术文件,WCTYPE|wt.doc.WTDocument|com.ptc.ReferenceDocument|com.CATLBattery.technicalDoc,+,CATL_EE_READER,0/10,RELEASED,false
AccessRule,,[/wt.inf.container.OrgContainer=CATL/wt.pdmlink.PDMLinkProduct=PLM二期测试库]/Default/CATLDefault/产品技术文件,WCTYPE|wt.doc.WTDocument|com.ptc.ReferenceDocument|com.CATLBattery.technicalDoc,+,CATL_HARNESS_READER,0/10,ALL,false
AccessRule,,[/wt.inf.container.OrgContainer=CATL/wt.pdmlink.PDMLinkProduct=PLM二期测试库]/Default/CATLDefault/产品技术文件,WCTYPE|wt.doc.WTDocument|com.ptc.ReferenceDocument|com.CATLBattery.technicalDoc,+,CATL_MANUFACTURER_READER,0/10,RELEASED,false
AccessRule,,[/wt.inf.container.OrgContainer=CATL/wt.pdmlink.PDMLinkProduct=PLM二期测试库]/Default/CATLDefault/产品技术文件,WCTYPE|wt.doc.WTDocument|com.ptc.ReferenceDocument|com.CATLBattery.technicalDoc,+,CATL_MCAD_READER,0/10,ALL,false
AccessRule,,[/wt.inf.container.OrgContainer=CATL/wt.pdmlink.PDMLinkProduct=PLM二期测试库]/Default/CATLDefault/产品技术文件,WCTYPE|wt.doc.WTDocument|com.ptc.ReferenceDocument|com.CATLBattery.technicalDoc,+,CATL_PROCESS_READER,0/10,RELEASED,false
AccessRule,,[/wt.inf.container.OrgContainer=CATL/wt.pdmlink.PDMLinkProduct=PLM二期测试库]/Default/CATLDefault/产品技术文件,WCTYPE|wt.doc.WTDocument|com.ptc.ReferenceDocument|com.CATLBattery.technicalDoc,+,CATL_QUALITY_READER,0/10,RELEASED,false
AccessRule,,[/wt.inf.container.OrgContainer=CATL/wt.pdmlink.PDMLinkProduct=PLM二期测试库]/Default/CATLDefault/产品技术文件,WCTYPE|wt.doc.WTDocument|com.ptc.ReferenceDocument|com.CATLBattery.technicalDoc,+,CATL_SERVICE_READER,0/10,RELEASED,false
AccessRule,,[/wt.inf.container.OrgContainer=CATL/wt.pdmlink.PDMLinkProduct=PLM二期测试库]/Default/CATLDefault/产品技术文件,WCTYPE|wt.doc.WTDocument|com.ptc.ReferenceDocument|com.CATLBattery.technicalDoc,+,CATL_SE_READER,0/10,RELEASED,false
AccessRule,,[/wt.inf.container.OrgContainer=CATL/wt.pdmlink.PDMLinkProduct=PLM二期测试库]/Default/CATLDefault/产品技术文件,WCTYPE|wt.doc.WTDocument|com.ptc.ReferenceDocument|com.CATLBattery.technicalDoc,+,CATL_TEST_READER,0/10,RELEASED,false
AccessRule,,[/wt.inf.container.OrgContainer=CATL/wt.pdmlink.PDMLinkProduct=PLM二期测试库]/Default/CATLDefault/产品技术文件,WCTYPE|wt.doc.WTDocument|com.ptc.ReferenceDocument|com.CATLBattery.technicalDoc,+,CATL_THERMAL_EMULATION_READER,0/10,RELEASED,false
AccessRule,,[/wt.inf.container.OrgContainer=CATL/wt.pdmlink.PDMLinkProduct=PLM二期测试库]/Default/CATLDefault/产品技术文件,WCTYPE|wt.doc.WTDocument|com.ptc.ReferenceDocument|com.CATLBattery.technicalDoc,+,COMPONENT_ENGINEER,0/2/10/13,ALL,false
AccessRule,,[/wt.inf.container.OrgContainer=CATL/wt.pdmlink.PDMLinkProduct=PLM二期测试库]/Default/CATLDefault/产品技术文件,WCTYPE|wt.doc.WTDocument|com.ptc.ReferenceDocument|com.CATLBattery.technicalDoc,+,CUSTOMER_SERVICE_REPRESENT,0/2/10/13,ALL,false
AccessRule,,[/wt.inf.container.OrgContainer=CATL/wt.pdmlink.PDMLinkProduct=PLM二期测试库]/Default/CATLDefault/产品技术文件,WCTYPE|wt.doc.WTDocument|com.ptc.ReferenceDocument|com.CATLBattery.technicalDoc,+,DEVELOP_REPRESENT,0/10,RELEASED,false
AccessRule,,[/wt.inf.container.OrgContainer=CATL/wt.pdmlink.PDMLinkProduct=PLM二期测试库]/Default/CATLDefault/产品技术文件,WCTYPE|wt.doc.WTDocument|com.ptc.ReferenceDocument|com.CATLBattery.technicalDoc,+,DOCUMENT_CONTROLLER,0/10,ALL,false
AccessRule,,[/wt.inf.container.OrgContainer=CATL/wt.pdmlink.PDMLinkProduct=PLM二期测试库]/Default/CATLDefault/产品技术文件,WCTYPE|wt.doc.WTDocument|com.ptc.ReferenceDocument|com.CATLBattery.technicalDoc,+,EE_SYSTEM_ENGINEER,0/2/10/13,ALL,false
AccessRule,,[/wt.inf.container.OrgContainer=CATL/wt.pdmlink.PDMLinkProduct=PLM二期测试库]/Default/CATLDefault/产品技术文件,WCTYPE|wt.doc.WTDocument|com.ptc.ReferenceDocument|com.CATLBattery.technicalDoc,+,EQUIPMENT_ENGINEER,0/10,RELEASED,false
AccessRule,,[/wt.inf.container.OrgContainer=CATL/wt.pdmlink.PDMLinkProduct=PLM二期测试库]/Default/CATLDefault/产品技术文件,WCTYPE|wt.doc.WTDocument|com.ptc.ReferenceDocument|com.CATLBattery.technicalDoc,+,HARDWARE_ENGINEER,0/2/10/13,ALL,false
AccessRule,,[/wt.inf.container.OrgContainer=CATL/wt.pdmlink.PDMLinkProduct=PLM二期测试库]/Default/CATLDefault/产品技术文件,WCTYPE|wt.doc.WTDocument|com.ptc.ReferenceDocument|com.CATLBattery.technicalDoc,+,MANUFACTURE_REPRESENT,0/2/10/13,ALL,false
AccessRule,,[/wt.inf.container.OrgContainer=CATL/wt.pdmlink.PDMLinkProduct=PLM二期测试库]/Default/CATLDefault/产品技术文件,WCTYPE|wt.doc.WTDocument|com.ptc.ReferenceDocument|com.CATLBattery.technicalDoc,+,MATERIAL_CONTROL,0/2/10/13,ALL,false
AccessRule,,[/wt.inf.container.OrgContainer=CATL/wt.pdmlink.PDMLinkProduct=PLM二期测试库]/Default/CATLDefault/产品技术文件,WCTYPE|wt.doc.WTDocument|com.ptc.ReferenceDocument|com.CATLBattery.technicalDoc,+,PLAN_CONTROL,0/2/10/13,ALL,false
AccessRule,,[/wt.inf.container.OrgContainer=CATL/wt.pdmlink.PDMLinkProduct=PLM二期测试库]/Default/CATLDefault/产品技术文件,WCTYPE|wt.doc.WTDocument|com.ptc.ReferenceDocument|com.CATLBattery.technicalDoc,+,POST_SALES_ENGINEER,0/10,RELEASED,false
AccessRule,,[/wt.inf.container.OrgContainer=CATL/wt.pdmlink.PDMLinkProduct=PLM二期测试库]/Default/CATLDefault/产品技术文件,WCTYPE|wt.doc.WTDocument|com.ptc.ReferenceDocument|com.CATLBattery.technicalDoc,+,PROCESS_ENGINEER,0/2/10/13,ALL,false
AccessRule,,[/wt.inf.container.OrgContainer=CATL/wt.pdmlink.PDMLinkProduct=PLM二期测试库]/Default/CATLDefault/产品技术文件,WCTYPE|wt.doc.WTDocument|com.ptc.ReferenceDocument|com.CATLBattery.technicalDoc,+,PROCUREMENT_REPRESENT,0/2/10/13,ALL,false
AccessRule,,[/wt.inf.container.OrgContainer=CATL/wt.pdmlink.PDMLinkProduct=PLM二期测试库]/Default/CATLDefault/产品技术文件,WCTYPE|wt.doc.WTDocument|com.ptc.ReferenceDocument|com.CATLBattery.technicalDoc,+,PRODUCTION_SUPERVISOR,0/10,RELEASED,false
AccessRule,,[/wt.inf.container.OrgContainer=CATL/wt.pdmlink.PDMLinkProduct=PLM二期测试库]/Default/CATLDefault/产品技术文件,WCTYPE|wt.doc.WTDocument|com.ptc.ReferenceDocument|com.CATLBattery.technicalDoc,+,PRODUCT_DATA_ENGINGEER,0/10,ALL,false
AccessRule,,[/wt.inf.container.OrgContainer=CATL/wt.pdmlink.PDMLinkProduct=PLM二期测试库]/Default/CATLDefault/产品技术文件,WCTYPE|wt.doc.WTDocument|com.ptc.ReferenceDocument|com.CATLBattery.technicalDoc,+,PRODUCT_DECISION_COMMITTEE,0/10,RELEASED,false
AccessRule,,[/wt.inf.container.OrgContainer=CATL/wt.pdmlink.PDMLinkProduct=PLM二期测试库]/Default/CATLDefault/产品技术文件,WCTYPE|wt.doc.WTDocument|com.ptc.ReferenceDocument|com.CATLBattery.technicalDoc,+,PRODUCT_MANAGER,0/10,RELEASED,false
AccessRule,,[/wt.inf.container.OrgContainer=CATL/wt.pdmlink.PDMLinkProduct=PLM二期测试库]/Default/CATLDefault/产品技术文件,WCTYPE|wt.doc.WTDocument|com.ptc.ReferenceDocument|com.CATLBattery.technicalDoc,+,PRODUCT_QUALITY_ENGINEER,0/2/10/13,ALL,false
AccessRule,,[/wt.inf.container.OrgContainer=CATL/wt.pdmlink.PDMLinkProduct=PLM二期测试库]/Default/CATLDefault/产品技术文件,WCTYPE|wt.doc.WTDocument|com.ptc.ReferenceDocument|com.CATLBattery.technicalDoc,+,PRODUCT_SAFE_ENGINEER,0/2/10/13,ALL,false
AccessRule,,[/wt.inf.container.OrgContainer=CATL/wt.pdmlink.PDMLinkProduct=PLM二期测试库]/Default/CATLDefault/产品技术文件,WCTYPE|wt.doc.WTDocument|com.ptc.ReferenceDocument|com.CATLBattery.technicalDoc,+,PROJECT MANAGER,0/10,ALL,false
AccessRule,,[/wt.inf.container.OrgContainer=CATL/wt.pdmlink.PDMLinkProduct=PLM二期测试库]/Default/CATLDefault/产品技术文件,WCTYPE|wt.doc.WTDocument|com.ptc.ReferenceDocument|com.CATLBattery.technicalDoc,+,PROJECT_ASSISTANT,0/10,ALL,false
AccessRule,,[/wt.inf.container.OrgContainer=CATL/wt.pdmlink.PDMLinkProduct=PLM二期测试库]/Default/CATLDefault/产品技术文件,WCTYPE|wt.doc.WTDocument|com.ptc.ReferenceDocument|com.CATLBattery.technicalDoc,+,QUALITY_REPRESENTATIVE,0/2/10/13,ALL,false
AccessRule,,[/wt.inf.container.OrgContainer=CATL/wt.pdmlink.PDMLinkProduct=PLM二期测试库]/Default/CATLDefault/产品技术文件,WCTYPE|wt.doc.WTDocument|com.ptc.ReferenceDocument|com.CATLBattery.technicalDoc,+,RELIABILITYENGINEER,0/2/10/13,ALL,false
AccessRule,,[/wt.inf.container.OrgContainer=CATL/wt.pdmlink.PDMLinkProduct=PLM二期测试库]/Default/CATLDefault/产品技术文件,WCTYPE|wt.doc.WTDocument|com.ptc.ReferenceDocument|com.CATLBattery.technicalDoc,+,SOFTWARE ENGINEER,0/2/10/13,ALL,false
AccessRule,,[/wt.inf.container.OrgContainer=CATL/wt.pdmlink.PDMLinkProduct=PLM二期测试库]/Default/CATLDefault/产品技术文件,WCTYPE|wt.doc.WTDocument|com.ptc.ReferenceDocument|com.CATLBattery.technicalDoc,+,STRUCTURAL_DESIGN_ENGINEER,0/2/10/13,ALL,false
AccessRule,,[/wt.inf.container.OrgContainer=CATL/wt.pdmlink.PDMLinkProduct=PLM二期测试库]/Default/CATLDefault/产品技术文件,WCTYPE|wt.doc.WTDocument|com.ptc.ReferenceDocument|com.CATLBattery.technicalDoc,+,SYSTEM_ENGINEER,0/10,RELEASED,false
AccessRule,,[/wt.inf.container.OrgContainer=CATL/wt.pdmlink.PDMLinkProduct=PLM二期测试库]/Default/CATLDefault/产品技术文件,WCTYPE|wt.doc.WTDocument|com.ptc.ReferenceDocument|com.CATLBattery.technicalDoc,+,THERMAL-MANAGEMENT_EMULATE_ENGINEER,0/2/10/13,ALL,false
AccessRule,,[/wt.inf.container.OrgContainer=CATL/wt.pdmlink.PDMLinkProduct=PLM二期测试库]/Default/CATLDefault/产品技术文件,WCTYPE|wt.doc.WTDocument|com.ptc.ReferenceDocument|com.CATLBattery.technicalDoc,+,WICKING_ENGINEER,0/2/10/13,ALL,false
AccessRule,,[/wt.inf.container.OrgContainer=CATL/wt.pdmlink.PDMLinkProduct=PLM二期测试库]/Default/CATLDefault/产品技术文件,WCTYPE|wt.doc.WTDocument|com.ptc.ReferenceDocument|com.CATLBattery.technicalDoc,+,teamMembers,7,RELEASED,false
#AccessRule,user,domain,typeId,permission,principal,permissionList,state,allExceptPrincipal
AccessRule,,[/wt.inf.container.OrgContainer=CATL/wt.pdmlink.PDMLinkProduct=PLM二期测试库]/Default/CATLDefault/研发过程文档,WCTYPE|wt.doc.WTDocument|com.ptc.ReferenceDocument|com.CATLBattery.rdDoc,+,CATL_DEVICE_READER,0/10,RELEASED,false
AccessRule,,[/wt.inf.container.OrgContainer=CATL/wt.pdmlink.PDMLinkProduct=PLM二期测试库]/Default/CATLDefault/研发过程文档,WCTYPE|wt.doc.WTDocument|com.ptc.ReferenceDocument|com.CATLBattery.rdDoc,+,CATL_EE_READER,0/10,RELEASED,false
AccessRule,,[/wt.inf.container.OrgContainer=CATL/wt.pdmlink.PDMLinkProduct=PLM二期测试库]/Default/CATLDefault/研发过程文档,WCTYPE|wt.doc.WTDocument|com.ptc.ReferenceDocument|com.CATLBattery.rdDoc,+,CATL_HARNESS_READER,0/10,ALL,false
AccessRule,,[/wt.inf.container.OrgContainer=CATL/wt.pdmlink.PDMLinkProduct=PLM二期测试库]/Default/CATLDefault/研发过程文档,WCTYPE|wt.doc.WTDocument|com.ptc.ReferenceDocument|com.CATLBattery.rdDoc,+,CATL_MANUFACTURER_READER,0/10,RELEASED,false
AccessRule,,[/wt.inf.container.OrgContainer=CATL/wt.pdmlink.PDMLinkProduct=PLM二期测试库]/Default/CATLDefault/研发过程文档,WCTYPE|wt.doc.WTDocument|com.ptc.ReferenceDocument|com.CATLBattery.rdDoc,+,CATL_MCAD_READER,0/10,ALL,false
AccessRule,,[/wt.inf.container.OrgContainer=CATL/wt.pdmlink.PDMLinkProduct=PLM二期测试库]/Default/CATLDefault/研发过程文档,WCTYPE|wt.doc.WTDocument|com.ptc.ReferenceDocument|com.CATLBattery.rdDoc,+,CATL_PROCESS_READER,0/10,RELEASED,false
AccessRule,,[/wt.inf.container.OrgContainer=CATL/wt.pdmlink.PDMLinkProduct=PLM二期测试库]/Default/CATLDefault/研发过程文档,WCTYPE|wt.doc.WTDocument|com.ptc.ReferenceDocument|com.CATLBattery.rdDoc,+,CATL_QUALITY_READER,0/10,RELEASED,false
AccessRule,,[/wt.inf.container.OrgContainer=CATL/wt.pdmlink.PDMLinkProduct=PLM二期测试库]/Default/CATLDefault/研发过程文档,WCTYPE|wt.doc.WTDocument|com.ptc.ReferenceDocument|com.CATLBattery.rdDoc,+,CATL_SERVICE_READER,0/10,RELEASED,false
AccessRule,,[/wt.inf.container.OrgContainer=CATL/wt.pdmlink.PDMLinkProduct=PLM二期测试库]/Default/CATLDefault/研发过程文档,WCTYPE|wt.doc.WTDocument|com.ptc.ReferenceDocument|com.CATLBattery.rdDoc,+,CATL_SE_READER,0/10,RELEASED,false
AccessRule,,[/wt.inf.container.OrgContainer=CATL/wt.pdmlink.PDMLinkProduct=PLM二期测试库]/Default/CATLDefault/研发过程文档,WCTYPE|wt.doc.WTDocument|com.ptc.ReferenceDocument|com.CATLBattery.rdDoc,+,CATL_TEST_READER,0/10,RELEASED,false
AccessRule,,[/wt.inf.container.OrgContainer=CATL/wt.pdmlink.PDMLinkProduct=PLM二期测试库]/Default/CATLDefault/研发过程文档,WCTYPE|wt.doc.WTDocument|com.ptc.ReferenceDocument|com.CATLBattery.rdDoc,+,CATL_THERMAL_EMULATION_READER,0/10,RELEASED,false
AccessRule,,[/wt.inf.container.OrgContainer=CATL/wt.pdmlink.PDMLinkProduct=PLM二期测试库]/Default/CATLDefault/研发过程文档,WCTYPE|wt.doc.WTDocument|com.ptc.ReferenceDocument|com.CATLBattery.rdDoc,+,CERTIFICATION_ENGINEER,0/2/10/13,ALL,false
AccessRule,,[/wt.inf.container.OrgContainer=CATL/wt.pdmlink.PDMLinkProduct=PLM二期测试库]/Default/CATLDefault/研发过程文档,WCTYPE|wt.doc.WTDocument|com.ptc.ReferenceDocument|com.CATLBattery.rdDoc,+,COMPONENT_ENGINEER,0/2/10/13,ALL,false
AccessRule,,[/wt.inf.container.OrgContainer=CATL/wt.pdmlink.PDMLinkProduct=PLM二期测试库]/Default/CATLDefault/研发过程文档,WCTYPE|wt.doc.WTDocument|com.ptc.ReferenceDocument|com.CATLBattery.rdDoc,+,CUSTOMER_SERVICE_REPRESENT,0/2/10/13,ALL,false
AccessRule,,[/wt.inf.container.OrgContainer=CATL/wt.pdmlink.PDMLinkProduct=PLM二期测试库]/Default/CATLDefault/研发过程文档,WCTYPE|wt.doc.WTDocument|com.ptc.ReferenceDocument|com.CATLBattery.rdDoc,+,DEVELOP_REPRESENT,0/2/10/13,ALL,false
AccessRule,,[/wt.inf.container.OrgContainer=CATL/wt.pdmlink.PDMLinkProduct=PLM二期测试库]/Default/CATLDefault/研发过程文档,WCTYPE|wt.doc.WTDocument|com.ptc.ReferenceDocument|com.CATLBattery.rdDoc,+,DOCUMENT_CONTROLLER,0/10,ALL,false
AccessRule,,[/wt.inf.container.OrgContainer=CATL/wt.pdmlink.PDMLinkProduct=PLM二期测试库]/Default/CATLDefault/研发过程文档,WCTYPE|wt.doc.WTDocument|com.ptc.ReferenceDocument|com.CATLBattery.rdDoc,+,EE_SYSTEM_ENGINEER,0/2/10/13,ALL,false
AccessRule,,[/wt.inf.container.OrgContainer=CATL/wt.pdmlink.PDMLinkProduct=PLM二期测试库]/Default/CATLDefault/研发过程文档,WCTYPE|wt.doc.WTDocument|com.ptc.ReferenceDocument|com.CATLBattery.rdDoc,+,EQUIPMENT_ENGINEER,0/2/10/13,ALL,false
AccessRule,,[/wt.inf.container.OrgContainer=CATL/wt.pdmlink.PDMLinkProduct=PLM二期测试库]/Default/CATLDefault/研发过程文档,WCTYPE|wt.doc.WTDocument|com.ptc.ReferenceDocument|com.CATLBattery.rdDoc,+,HARDWARE_ENGINEER,0/2/10/13,ALL,false
AccessRule,,[/wt.inf.container.OrgContainer=CATL/wt.pdmlink.PDMLinkProduct=PLM二期测试库]/Default/CATLDefault/研发过程文档,WCTYPE|wt.doc.WTDocument|com.ptc.ReferenceDocument|com.CATLBattery.rdDoc,+,MANUFACTURE_REPRESENT,0/2/10/13,ALL,false
AccessRule,,[/wt.inf.container.OrgContainer=CATL/wt.pdmlink.PDMLinkProduct=PLM二期测试库]/Default/CATLDefault/研发过程文档,WCTYPE|wt.doc.WTDocument|com.ptc.ReferenceDocument|com.CATLBattery.rdDoc,+,MATERIAL_CONTROL,0/2/10/13,ALL,false
AccessRule,,[/wt.inf.container.OrgContainer=CATL/wt.pdmlink.PDMLinkProduct=PLM二期测试库]/Default/CATLDefault/研发过程文档,WCTYPE|wt.doc.WTDocument|com.ptc.ReferenceDocument|com.CATLBattery.rdDoc,+,PROCESS_ENGINEER,0/2/10/13,ALL,false
AccessRule,,[/wt.inf.container.OrgContainer=CATL/wt.pdmlink.PDMLinkProduct=PLM二期测试库]/Default/CATLDefault/研发过程文档,WCTYPE|wt.doc.WTDocument|com.ptc.ReferenceDocument|com.CATLBattery.rdDoc,+,PROCUREMENT_REPRESENT,0/2/10/13,ALL,false
AccessRule,,[/wt.inf.container.OrgContainer=CATL/wt.pdmlink.PDMLinkProduct=PLM二期测试库]/Default/CATLDefault/研发过程文档,WCTYPE|wt.doc.WTDocument|com.ptc.ReferenceDocument|com.CATLBattery.rdDoc,+,PRODUCT_DATA_ENGINGEER,0/10,ALL,false
AccessRule,,[/wt.inf.container.OrgContainer=CATL/wt.pdmlink.PDMLinkProduct=PLM二期测试库]/Default/CATLDefault/研发过程文档,WCTYPE|wt.doc.WTDocument|com.ptc.ReferenceDocument|com.CATLBattery.rdDoc,+,PRODUCT_DECISION_COMMITTEE,0/10,RELEASED,false
AccessRule,,[/wt.inf.container.OrgContainer=CATL/wt.pdmlink.PDMLinkProduct=PLM二期测试库]/Default/CATLDefault/研发过程文档,WCTYPE|wt.doc.WTDocument|com.ptc.ReferenceDocument|com.CATLBattery.rdDoc,+,PRODUCT_MANAGER,0/10,RELEASED,false
AccessRule,,[/wt.inf.container.OrgContainer=CATL/wt.pdmlink.PDMLinkProduct=PLM二期测试库]/Default/CATLDefault/研发过程文档,WCTYPE|wt.doc.WTDocument|com.ptc.ReferenceDocument|com.CATLBattery.rdDoc,+,PRODUCT_QUALITY_ENGINEER,0/2/10/13,ALL,false
AccessRule,,[/wt.inf.container.OrgContainer=CATL/wt.pdmlink.PDMLinkProduct=PLM二期测试库]/Default/CATLDefault/研发过程文档,WCTYPE|wt.doc.WTDocument|com.ptc.ReferenceDocument|com.CATLBattery.rdDoc,+,PRODUCT_SAFE_ENGINEER,0/2/10/13,ALL,false
AccessRule,,[/wt.inf.container.OrgContainer=CATL/wt.pdmlink.PDMLinkProduct=PLM二期测试库]/Default/CATLDefault/研发过程文档,WCTYPE|wt.doc.WTDocument|com.ptc.ReferenceDocument|com.CATLBattery.rdDoc,+,PROJECT MANAGER,0/10,ALL,false
AccessRule,,[/wt.inf.container.OrgContainer=CATL/wt.pdmlink.PDMLinkProduct=PLM二期测试库]/Default/CATLDefault/研发过程文档,WCTYPE|wt.doc.WTDocument|com.ptc.ReferenceDocument|com.CATLBattery.rdDoc,+,PROJECT_ASSISTANT,0/10,ALL,false
AccessRule,,[/wt.inf.container.OrgContainer=CATL/wt.pdmlink.PDMLinkProduct=PLM二期测试库]/Default/CATLDefault/研发过程文档,WCTYPE|wt.doc.WTDocument|com.ptc.ReferenceDocument|com.CATLBattery.rdDoc,+,QUALITY_REPRESENTATIVE,0/2/10/13,ALL,false
AccessRule,,[/wt.inf.container.OrgContainer=CATL/wt.pdmlink.PDMLinkProduct=PLM二期测试库]/Default/CATLDefault/研发过程文档,WCTYPE|wt.doc.WTDocument|com.ptc.ReferenceDocument|com.CATLBattery.rdDoc,+,RELIABILITYENGINEER,0/2/10/13,ALL,false
AccessRule,,[/wt.inf.container.OrgContainer=CATL/wt.pdmlink.PDMLinkProduct=PLM二期测试库]/Default/CATLDefault/研发过程文档,WCTYPE|wt.doc.WTDocument|com.ptc.ReferenceDocument|com.CATLBattery.rdDoc,+,SOFTWARE ENGINEER,0/2/10/13,ALL,false
AccessRule,,[/wt.inf.container.OrgContainer=CATL/wt.pdmlink.PDMLinkProduct=PLM二期测试库]/Default/CATLDefault/研发过程文档,WCTYPE|wt.doc.WTDocument|com.ptc.ReferenceDocument|com.CATLBattery.rdDoc,+,STRUCTURAL_DESIGN_ENGINEER,0/2/10/13,ALL,false
AccessRule,,[/wt.inf.container.OrgContainer=CATL/wt.pdmlink.PDMLinkProduct=PLM二期测试库]/Default/CATLDefault/研发过程文档,WCTYPE|wt.doc.WTDocument|com.ptc.ReferenceDocument|com.CATLBattery.rdDoc,+,SUPPLIER_UQALITY_MANAGEMENT,0/2/10/13,ALL,false
AccessRule,,[/wt.inf.container.OrgContainer=CATL/wt.pdmlink.PDMLinkProduct=PLM二期测试库]/Default/CATLDefault/研发过程文档,WCTYPE|wt.doc.WTDocument|com.ptc.ReferenceDocument|com.CATLBattery.rdDoc,+,SYSTEM_ENGINEER,0/2/10/13,ALL,false
AccessRule,,[/wt.inf.container.OrgContainer=CATL/wt.pdmlink.PDMLinkProduct=PLM二期测试库]/Default/CATLDefault/研发过程文档,WCTYPE|wt.doc.WTDocument|com.ptc.ReferenceDocument|com.CATLBattery.rdDoc,+,TEST_ENGINEER,0/2/10/13,ALL,false
AccessRule,,[/wt.inf.container.OrgContainer=CATL/wt.pdmlink.PDMLinkProduct=PLM二期测试库]/Default/CATLDefault/研发过程文档,WCTYPE|wt.doc.WTDocument|com.ptc.ReferenceDocument|com.CATLBattery.rdDoc,+,THERMAL-MANAGEMENT_EMULATE_ENGINEER,0/2/10/13,ALL,false
AccessRule,,[/wt.inf.container.OrgContainer=CATL/wt.pdmlink.PDMLinkProduct=PLM二期测试库]/Default/CATLDefault/研发过程文档,WCTYPE|wt.doc.WTDocument|com.ptc.ReferenceDocument|com.CATLBattery.rdDoc,+,WICKING_ENGINEER,0/2/10/13,ALL,false
AccessRule,,[/wt.inf.container.OrgContainer=CATL/wt.pdmlink.PDMLinkProduct=PLM二期测试库]/Default/CATLDefault/研发过程文档,WCTYPE|wt.doc.WTDocument|com.ptc.ReferenceDocument|com.CATLBattery.rdDoc,+,teamMembers,7,RELEASED,false
#AccessRule,user,domain,typeId,permission,principal,permissionList,state,allExceptPrincipal
AccessRule,,[/wt.inf.container.OrgContainer=CATL/wt.pdmlink.PDMLinkProduct=PLM二期测试库]/Default/CATLDefault/线束AutoCAD图纸,WCTYPE|wt.doc.WTDocument|com.CATLBattery.CATLDocument|com.CATLBattery.autocadDrawing,+,CATL_EE_READER,0/10,ALL,false
AccessRule,,[/wt.inf.container.OrgContainer=CATL/wt.pdmlink.PDMLinkProduct=PLM二期测试库]/Default/CATLDefault/线束AutoCAD图纸,WCTYPE|wt.doc.WTDocument|com.CATLBattery.CATLDocument|com.CATLBattery.autocadDrawing,+,CATL_HARNESS_READER,0/10,RELEASED,false
AccessRule,,[/wt.inf.container.OrgContainer=CATL/wt.pdmlink.PDMLinkProduct=PLM二期测试库]/Default/CATLDefault/线束AutoCAD图纸,WCTYPE|wt.doc.WTDocument|com.CATLBattery.CATLDocument|com.CATLBattery.autocadDrawing,+,CATL_MANUFACTURER_READER,0/10,ALL,false
AccessRule,,[/wt.inf.container.OrgContainer=CATL/wt.pdmlink.PDMLinkProduct=PLM二期测试库]/Default/CATLDefault/线束AutoCAD图纸,WCTYPE|wt.doc.WTDocument|com.CATLBattery.CATLDocument|com.CATLBattery.autocadDrawing,+,CATL_MCAD_READER,0/10,ALL,false
AccessRule,,[/wt.inf.container.OrgContainer=CATL/wt.pdmlink.PDMLinkProduct=PLM二期测试库]/Default/CATLDefault/线束AutoCAD图纸,WCTYPE|wt.doc.WTDocument|com.CATLBattery.CATLDocument|com.CATLBattery.autocadDrawing,+,CATL_PROCESS_READER,0/10,ALL,false
AccessRule,,[/wt.inf.container.OrgContainer=CATL/wt.pdmlink.PDMLinkProduct=PLM二期测试库]/Default/CATLDefault/线束AutoCAD图纸,WCTYPE|wt.doc.WTDocument|com.CATLBattery.CATLDocument|com.CATLBattery.autocadDrawing,+,CATL_QUALITY_READER,0/10,ALL,false
AccessRule,,[/wt.inf.container.OrgContainer=CATL/wt.pdmlink.PDMLinkProduct=PLM二期测试库]/Default/CATLDefault/线束AutoCAD图纸,WCTYPE|wt.doc.WTDocument|com.CATLBattery.CATLDocument|com.CATLBattery.autocadDrawing,+,CATL_SE_READER,0/10,ALL,false
AccessRule,,[/wt.inf.container.OrgContainer=CATL/wt.pdmlink.PDMLinkProduct=PLM二期测试库]/Default/CATLDefault/线束AutoCAD图纸,WCTYPE|wt.doc.WTDocument|com.CATLBattery.CATLDocument|com.CATLBattery.autocadDrawing,+,CATL_THERMAL_EMULATION_READER,0/10,ALL,false
AccessRule,,[/wt.inf.container.OrgContainer=CATL/wt.pdmlink.PDMLinkProduct=PLM二期测试库]/Default/CATLDefault/线束AutoCAD图纸,WCTYPE|wt.doc.WTDocument|com.CATLBattery.CATLDocument|com.CATLBattery.autocadDrawing,+,CERTIFICATION_ENGINEER,0/10,RELEASED,false
AccessRule,,[/wt.inf.container.OrgContainer=CATL/wt.pdmlink.PDMLinkProduct=PLM二期测试库]/Default/CATLDefault/线束AutoCAD图纸,WCTYPE|wt.doc.WTDocument|com.CATLBattery.CATLDocument|com.CATLBattery.autocadDrawing,+,CUSTOMER_SERVICE_REPRESENT,0/10,RELEASED,false
AccessRule,,[/wt.inf.container.OrgContainer=CATL/wt.pdmlink.PDMLinkProduct=PLM二期测试库]/Default/CATLDefault/线束AutoCAD图纸,WCTYPE|wt.doc.WTDocument|com.CATLBattery.CATLDocument|com.CATLBattery.autocadDrawing,+,DEVELOP_REPRESENT,0/10,ALL,false
AccessRule,,[/wt.inf.container.OrgContainer=CATL/wt.pdmlink.PDMLinkProduct=PLM二期测试库]/Default/CATLDefault/线束AutoCAD图纸,WCTYPE|wt.doc.WTDocument|com.CATLBattery.CATLDocument|com.CATLBattery.autocadDrawing,+,DOCUMENT_CONTROLLER,0/10,ALL,false
AccessRule,,[/wt.inf.container.OrgContainer=CATL/wt.pdmlink.PDMLinkProduct=PLM二期测试库]/Default/CATLDefault/线束AutoCAD图纸,WCTYPE|wt.doc.WTDocument|com.CATLBattery.CATLDocument|com.CATLBattery.autocadDrawing,+,EE_SYSTEM_ENGINEER,0/2/10/13,ALL,false
AccessRule,,[/wt.inf.container.OrgContainer=CATL/wt.pdmlink.PDMLinkProduct=PLM二期测试库]/Default/CATLDefault/线束AutoCAD图纸,WCTYPE|wt.doc.WTDocument|com.CATLBattery.CATLDocument|com.CATLBattery.autocadDrawing,+,HARDWARE_ENGINEER,0/10,ALL,false
AccessRule,,[/wt.inf.container.OrgContainer=CATL/wt.pdmlink.PDMLinkProduct=PLM二期测试库]/Default/CATLDefault/线束AutoCAD图纸,WCTYPE|wt.doc.WTDocument|com.CATLBattery.CATLDocument|com.CATLBattery.autocadDrawing,+,MANUFACTURE_REPRESENT,0/10,RELEASED,false
AccessRule,,[/wt.inf.container.OrgContainer=CATL/wt.pdmlink.PDMLinkProduct=PLM二期测试库]/Default/CATLDefault/线束AutoCAD图纸,WCTYPE|wt.doc.WTDocument|com.CATLBattery.CATLDocument|com.CATLBattery.autocadDrawing,+,MATERIAL_CONTROL,0/10,ALL,false
AccessRule,,[/wt.inf.container.OrgContainer=CATL/wt.pdmlink.PDMLinkProduct=PLM二期测试库]/Default/CATLDefault/线束AutoCAD图纸,WCTYPE|wt.doc.WTDocument|com.CATLBattery.CATLDocument|com.CATLBattery.autocadDrawing,+,POST_SALES_ENGINEER,0/10,RELEASED,false
AccessRule,,[/wt.inf.container.OrgContainer=CATL/wt.pdmlink.PDMLinkProduct=PLM二期测试库]/Default/CATLDefault/线束AutoCAD图纸,WCTYPE|wt.doc.WTDocument|com.CATLBattery.CATLDocument|com.CATLBattery.autocadDrawing,+,PROCESS_ENGINEER,0/10,RELEASED,false
AccessRule,,[/wt.inf.container.OrgContainer=CATL/wt.pdmlink.PDMLinkProduct=PLM二期测试库]/Default/CATLDefault/线束AutoCAD图纸,WCTYPE|wt.doc.WTDocument|com.CATLBattery.CATLDocument|com.CATLBattery.autocadDrawing,+,PROCUREMENT_REPRESENT,0/10,ALL,false
AccessRule,,[/wt.inf.container.OrgContainer=CATL/wt.pdmlink.PDMLinkProduct=PLM二期测试库]/Default/CATLDefault/线束AutoCAD图纸,WCTYPE|wt.doc.WTDocument|com.CATLBattery.CATLDocument|com.CATLBattery.autocadDrawing,+,PRODUCTION_SUPERVISOR,0/10,RELEASED,false
AccessRule,,[/wt.inf.container.OrgContainer=CATL/wt.pdmlink.PDMLinkProduct=PLM二期测试库]/Default/CATLDefault/线束AutoCAD图纸,WCTYPE|wt.doc.WTDocument|com.CATLBattery.CATLDocument|com.CATLBattery.autocadDrawing,+,PRODUCT_DATA_ENGINGEER,0/10,ALL,false
AccessRule,,[/wt.inf.container.OrgContainer=CATL/wt.pdmlink.PDMLinkProduct=PLM二期测试库]/Default/CATLDefault/线束AutoCAD图纸,WCTYPE|wt.doc.WTDocument|com.CATLBattery.CATLDocument|com.CATLBattery.autocadDrawing,+,PRODUCT_DECISION_COMMITTEE,0/10,RELEASED,false
AccessRule,,[/wt.inf.container.OrgContainer=CATL/wt.pdmlink.PDMLinkProduct=PLM二期测试库]/Default/CATLDefault/线束AutoCAD图纸,WCTYPE|wt.doc.WTDocument|com.CATLBattery.CATLDocument|com.CATLBattery.autocadDrawing,+,PRODUCT_MANAGER,0/10,RELEASED,false
AccessRule,,[/wt.inf.container.OrgContainer=CATL/wt.pdmlink.PDMLinkProduct=PLM二期测试库]/Default/CATLDefault/线束AutoCAD图纸,WCTYPE|wt.doc.WTDocument|com.CATLBattery.CATLDocument|com.CATLBattery.autocadDrawing,+,PRODUCT_QUALITY_ENGINEER,0/10,RELEASED,false
AccessRule,,[/wt.inf.container.OrgContainer=CATL/wt.pdmlink.PDMLinkProduct=PLM二期测试库]/Default/CATLDefault/线束AutoCAD图纸,WCTYPE|wt.doc.WTDocument|com.CATLBattery.CATLDocument|com.CATLBattery.autocadDrawing,+,PRODUCT_SAFE_ENGINEER,0/10,RELEASED,false
AccessRule,,[/wt.inf.container.OrgContainer=CATL/wt.pdmlink.PDMLinkProduct=PLM二期测试库]/Default/CATLDefault/线束AutoCAD图纸,WCTYPE|wt.doc.WTDocument|com.CATLBattery.CATLDocument|com.CATLBattery.autocadDrawing,+,PROJECT MANAGER,0/10,ALL,false
AccessRule,,[/wt.inf.container.OrgContainer=CATL/wt.pdmlink.PDMLinkProduct=PLM二期测试库]/Default/CATLDefault/线束AutoCAD图纸,WCTYPE|wt.doc.WTDocument|com.CATLBattery.CATLDocument|com.CATLBattery.autocadDrawing,+,PROJECT_ASSISTANT,0/10,ALL,false
AccessRule,,[/wt.inf.container.OrgContainer=CATL/wt.pdmlink.PDMLinkProduct=PLM二期测试库]/Default/CATLDefault/线束AutoCAD图纸,WCTYPE|wt.doc.WTDocument|com.CATLBattery.CATLDocument|com.CATLBattery.autocadDrawing,+,QUALITY_REPRESENTATIVE,0/10,RELEASED,false
AccessRule,,[/wt.inf.container.OrgContainer=CATL/wt.pdmlink.PDMLinkProduct=PLM二期测试库]/Default/CATLDefault/线束AutoCAD图纸,WCTYPE|wt.doc.WTDocument|com.CATLBattery.CATLDocument|com.CATLBattery.autocadDrawing,+,RELIABILITYENGINEER,0/10,RELEASED,false
AccessRule,,[/wt.inf.container.OrgContainer=CATL/wt.pdmlink.PDMLinkProduct=PLM二期测试库]/Default/CATLDefault/线束AutoCAD图纸,WCTYPE|wt.doc.WTDocument|com.CATLBattery.CATLDocument|com.CATLBattery.autocadDrawing,+,STANDARDIZATION_ENGINEER,0/10,ALL,false
AccessRule,,[/wt.inf.container.OrgContainer=CATL/wt.pdmlink.PDMLinkProduct=PLM二期测试库]/Default/CATLDefault/线束AutoCAD图纸,WCTYPE|wt.doc.WTDocument|com.CATLBattery.CATLDocument|com.CATLBattery.autocadDrawing,+,STRUCTURAL_DESIGN_ENGINEER,0/2/10/13,ALL,false
AccessRule,,[/wt.inf.container.OrgContainer=CATL/wt.pdmlink.PDMLinkProduct=PLM二期测试库]/Default/CATLDefault/线束AutoCAD图纸,WCTYPE|wt.doc.WTDocument|com.CATLBattery.CATLDocument|com.CATLBattery.autocadDrawing,+,SUPPLIER_UQALITY_MANAGEMENT,0/10,RELEASED,false
AccessRule,,[/wt.inf.container.OrgContainer=CATL/wt.pdmlink.PDMLinkProduct=PLM二期测试库]/Default/CATLDefault/线束AutoCAD图纸,WCTYPE|wt.doc.WTDocument|com.CATLBattery.CATLDocument|com.CATLBattery.autocadDrawing,+,SYSTEM_ENGINEER,0/10,ALL,false
AccessRule,,[/wt.inf.container.OrgContainer=CATL/wt.pdmlink.PDMLinkProduct=PLM二期测试库]/Default/CATLDefault/线束AutoCAD图纸,WCTYPE|wt.doc.WTDocument|com.CATLBattery.CATLDocument|com.CATLBattery.autocadDrawing,+,TEST_ENGINEER,0/10,RELEASED,false
AccessRule,,[/wt.inf.container.OrgContainer=CATL/wt.pdmlink.PDMLinkProduct=PLM二期测试库]/Default/CATLDefault/线束AutoCAD图纸,WCTYPE|wt.doc.WTDocument|com.CATLBattery.CATLDocument|com.CATLBattery.autocadDrawing,+,THERMAL-MANAGEMENT_EMULATE_ENGINEER,0/2/10/13,ALL,false
AccessRule,,[/wt.inf.container.OrgContainer=CATL/wt.pdmlink.PDMLinkProduct=PLM二期测试库]/Default/CATLDefault/线束AutoCAD图纸,WCTYPE|wt.doc.WTDocument|com.CATLBattery.CATLDocument|com.CATLBattery.autocadDrawing,+,WICKING_ENGINEER,0/2/10/13,ALL,false
AccessRule,,[/wt.inf.container.OrgContainer=CATL/wt.pdmlink.PDMLinkProduct=PLM二期测试库]/Default/CATLDefault/线束AutoCAD图纸,WCTYPE|wt.doc.WTDocument|com.CATLBattery.CATLDocument|com.CATLBattery.autocadDrawing,+,teamMembers,7,RELEASED,false
#AccessRule,user,domain,typeId,permission,principal,permissionList,state,allExceptPrincipal
AccessRule,,[/wt.inf.container.OrgContainer=CATL/wt.pdmlink.PDMLinkProduct=PLM二期测试库]/Default/CATLDefault/零部件,WCTYPE|wt.part.WTPart|com.CATLBattery.CATLPart,+,BATTERY_CELL_PM,0/10,RELEASED,false
AccessRule,,[/wt.inf.container.OrgContainer=CATL/wt.pdmlink.PDMLinkProduct=PLM二期测试库]/Default/CATLDefault/零部件,WCTYPE|wt.part.WTPart|com.CATLBattery.CATLPart,+,BUSINESS_ATTACH,0/10,RELEASED,false
AccessRule,,[/wt.inf.container.OrgContainer=CATL/wt.pdmlink.PDMLinkProduct=PLM二期测试库]/Default/CATLDefault/零部件,WCTYPE|wt.part.WTPart|com.CATLBattery.CATLPart,+,CATL_EE_READER,0/10,ALL,false
AccessRule,,[/wt.inf.container.OrgContainer=CATL/wt.pdmlink.PDMLinkProduct=PLM二期测试库]/Default/CATLDefault/零部件,WCTYPE|wt.part.WTPart|com.CATLBattery.CATLPart,+,CATL_HARNESS_READER,0/10,ALL,false
AccessRule,,[/wt.inf.container.OrgContainer=CATL/wt.pdmlink.PDMLinkProduct=PLM二期测试库]/Default/CATLDefault/零部件,WCTYPE|wt.part.WTPart|com.CATLBattery.CATLPart,+,CATL_MANUFACTURER_READER,0/10,RELEASED,false
AccessRule,,[/wt.inf.container.OrgContainer=CATL/wt.pdmlink.PDMLinkProduct=PLM二期测试库]/Default/CATLDefault/零部件,WCTYPE|wt.part.WTPart|com.CATLBattery.CATLPart,+,CATL_MCAD_READER,0/10,ALL,false
AccessRule,,[/wt.inf.container.OrgContainer=CATL/wt.pdmlink.PDMLinkProduct=PLM二期测试库]/Default/CATLDefault/零部件,WCTYPE|wt.part.WTPart|com.CATLBattery.CATLPart,+,CATL_PMO,0/10,RELEASED,false
AccessRule,,[/wt.inf.container.OrgContainer=CATL/wt.pdmlink.PDMLinkProduct=PLM二期测试库]/Default/CATLDefault/零部件,WCTYPE|wt.part.WTPart|com.CATLBattery.CATLPart,+,CATL_PROCESS_READER,0/10,RELEASED,false
AccessRule,,[/wt.inf.container.OrgContainer=CATL/wt.pdmlink.PDMLinkProduct=PLM二期测试库]/Default/CATLDefault/零部件,WCTYPE|wt.part.WTPart|com.CATLBattery.CATLPart,+,CATL_QUALITY_READER,0/10,RELEASED,false
AccessRule,,[/wt.inf.container.OrgContainer=CATL/wt.pdmlink.PDMLinkProduct=PLM二期测试库]/Default/CATLDefault/零部件,WCTYPE|wt.part.WTPart|com.CATLBattery.CATLPart,+,CATL_SALES,0/10,RELEASED,false
AccessRule,,[/wt.inf.container.OrgContainer=CATL/wt.pdmlink.PDMLinkProduct=PLM二期测试库]/Default/CATLDefault/零部件,WCTYPE|wt.part.WTPart|com.CATLBattery.CATLPart,+,CATL_SERVICE_READER,0/10,RELEASED,false
AccessRule,,[/wt.inf.container.OrgContainer=CATL/wt.pdmlink.PDMLinkProduct=PLM二期测试库]/Default/CATLDefault/零部件,WCTYPE|wt.part.WTPart|com.CATLBattery.CATLPart,+,CATL_SE_READER,0/10,ALL,false
AccessRule,,[/wt.inf.container.OrgContainer=CATL/wt.pdmlink.PDMLinkProduct=PLM二期测试库]/Default/CATLDefault/零部件,WCTYPE|wt.part.WTPart|com.CATLBattery.CATLPart,+,CATL_THERMAL_EMULATION_READER,0/10,ALL,false
AccessRule,,[/wt.inf.container.OrgContainer=CATL/wt.pdmlink.PDMLinkProduct=PLM二期测试库]/Default/CATLDefault/零部件,WCTYPE|wt.part.WTPart|com.CATLBattery.CATLPart,+,CERTIFICATION_ENGINEER,0/10,RELEASED,false
AccessRule,,[/wt.inf.container.OrgContainer=CATL/wt.pdmlink.PDMLinkProduct=PLM二期测试库]/Default/CATLDefault/零部件,WCTYPE|wt.part.WTPart|com.CATLBattery.CATLPart,+,COMPONENT_ENGINEER,0/2/10/13,ALL,false
AccessRule,,[/wt.inf.container.OrgContainer=CATL/wt.pdmlink.PDMLinkProduct=PLM二期测试库]/Default/CATLDefault/零部件,WCTYPE|wt.part.WTPart|com.CATLBattery.CATLPart,+,COST_ENGINGEER,0/10,ALL,false
AccessRule,,[/wt.inf.container.OrgContainer=CATL/wt.pdmlink.PDMLinkProduct=PLM二期测试库]/Default/CATLDefault/零部件,WCTYPE|wt.part.WTPart|com.CATLBattery.CATLPart,+,CUSTOMER_SERVICE_REPRESENT,0/10,ALL,false
AccessRule,,[/wt.inf.container.OrgContainer=CATL/wt.pdmlink.PDMLinkProduct=PLM二期测试库]/Default/CATLDefault/零部件,WCTYPE|wt.part.WTPart|com.CATLBattery.CATLPart,+,DEVELOP_REPRESENT,0/2/10/13,ALL,false
AccessRule,,[/wt.inf.container.OrgContainer=CATL/wt.pdmlink.PDMLinkProduct=PLM二期测试库]/Default/CATLDefault/零部件,WCTYPE|wt.part.WTPart|com.CATLBattery.CATLPart,+,DOCUMENT_CONTROLLER,0/10,ALL,false
AccessRule,,[/wt.inf.container.OrgContainer=CATL/wt.pdmlink.PDMLinkProduct=PLM二期测试库]/Default/CATLDefault/零部件,WCTYPE|wt.part.WTPart|com.CATLBattery.CATLPart,+,EE_SYSTEM_ENGINEER,0/2/10/13,ALL,false
AccessRule,,[/wt.inf.container.OrgContainer=CATL/wt.pdmlink.PDMLinkProduct=PLM二期测试库]/Default/CATLDefault/零部件,WCTYPE|wt.part.WTPart|com.CATLBattery.CATLPart,+,EQUIPMENT_ENGINEER,0/10,RELEASED,false
AccessRule,,[/wt.inf.container.OrgContainer=CATL/wt.pdmlink.PDMLinkProduct=PLM二期测试库]/Default/CATLDefault/零部件,WCTYPE|wt.part.WTPart|com.CATLBattery.CATLPart,+,FINANCIAL_REPRESENT,0/10,ALL,false
AccessRule,,[/wt.inf.container.OrgContainer=CATL/wt.pdmlink.PDMLinkProduct=PLM二期测试库]/Default/CATLDefault/零部件,WCTYPE|wt.part.WTPart|com.CATLBattery.CATLPart,+,HARDWARE_ENGINEER,0/2/10/13,ALL,false
AccessRule,,[/wt.inf.container.OrgContainer=CATL/wt.pdmlink.PDMLinkProduct=PLM二期测试库]/Default/CATLDefault/零部件,WCTYPE|wt.part.WTPart|com.CATLBattery.CATLPart,+,INDUSTRIAL ENGINEER,0/10,RELEASED,false
AccessRule,,[/wt.inf.container.OrgContainer=CATL/wt.pdmlink.PDMLinkProduct=PLM二期测试库]/Default/CATLDefault/零部件,WCTYPE|wt.part.WTPart|com.CATLBattery.CATLPart,+,MANUFACTURE_REPRESENT,0/10,RELEASED,false
AccessRule,,[/wt.inf.container.OrgContainer=CATL/wt.pdmlink.PDMLinkProduct=PLM二期测试库]/Default/CATLDefault/零部件,WCTYPE|wt.part.WTPart|com.CATLBattery.CATLPart,+,MARKETING_REPRESENTATIVE,0/10,RELEASED,false
AccessRule,,[/wt.inf.container.OrgContainer=CATL/wt.pdmlink.PDMLinkProduct=PLM二期测试库]/Default/CATLDefault/零部件,WCTYPE|wt.part.WTPart|com.CATLBattery.CATLPart,+,MATERIAL_CONTROL,0/10,ALL,false
AccessRule,,[/wt.inf.container.OrgContainer=CATL/wt.pdmlink.PDMLinkProduct=PLM二期测试库]/Default/CATLDefault/零部件,WCTYPE|wt.part.WTPart|com.CATLBattery.CATLPart,+,PLAN_CONTROL,0/10,ALL,false
AccessRule,,[/wt.inf.container.OrgContainer=CATL/wt.pdmlink.PDMLinkProduct=PLM二期测试库]/Default/CATLDefault/零部件,WCTYPE|wt.part.WTPart|com.CATLBattery.CATLPart,+,POST_SALES_ENGINEER,0/10,RELEASED,false
AccessRule,,[/wt.inf.container.OrgContainer=CATL/wt.pdmlink.PDMLinkProduct=PLM二期测试库]/Default/CATLDefault/零部件,WCTYPE|wt.part.WTPart|com.CATLBattery.CATLPart,+,PROCESS_ENGINEER,0/10,RELEASED,false
AccessRule,,[/wt.inf.container.OrgContainer=CATL/wt.pdmlink.PDMLinkProduct=PLM二期测试库]/Default/CATLDefault/零部件,WCTYPE|wt.part.WTPart|com.CATLBattery.CATLPart,+,PROCUREMENT_REPRESENT,0/10,ALL,false
AccessRule,,[/wt.inf.container.OrgContainer=CATL/wt.pdmlink.PDMLinkProduct=PLM二期测试库]/Default/CATLDefault/零部件,WCTYPE|wt.part.WTPart|com.CATLBattery.CATLPart,+,PRODUCTION_SUPERVISOR,0/10,RELEASED,false
AccessRule,,[/wt.inf.container.OrgContainer=CATL/wt.pdmlink.PDMLinkProduct=PLM二期测试库]/Default/CATLDefault/零部件,WCTYPE|wt.part.WTPart|com.CATLBattery.CATLPart,+,PRODUCT_DATA_ENGINGEER,0/10,ALL,false
AccessRule,,[/wt.inf.container.OrgContainer=CATL/wt.pdmlink.PDMLinkProduct=PLM二期测试库]/Default/CATLDefault/零部件,WCTYPE|wt.part.WTPart|com.CATLBattery.CATLPart,+,PRODUCT_DECISION_COMMITTEE,0/10,RELEASED,false
AccessRule,,[/wt.inf.container.OrgContainer=CATL/wt.pdmlink.PDMLinkProduct=PLM二期测试库]/Default/CATLDefault/零部件,WCTYPE|wt.part.WTPart|com.CATLBattery.CATLPart,+,PRODUCT_MANAGER,0/10,RELEASED,false
AccessRule,,[/wt.inf.container.OrgContainer=CATL/wt.pdmlink.PDMLinkProduct=PLM二期测试库]/Default/CATLDefault/零部件,WCTYPE|wt.part.WTPart|com.CATLBattery.CATLPart,+,PRODUCT_QUALITY_ENGINEER,0/10,RELEASED,false
AccessRule,,[/wt.inf.container.OrgContainer=CATL/wt.pdmlink.PDMLinkProduct=PLM二期测试库]/Default/CATLDefault/零部件,WCTYPE|wt.part.WTPart|com.CATLBattery.CATLPart,+,PRODUCT_SAFE_ENGINEER,0/10,RELEASED,false
AccessRule,,[/wt.inf.container.OrgContainer=CATL/wt.pdmlink.PDMLinkProduct=PLM二期测试库]/Default/CATLDefault/零部件,WCTYPE|wt.part.WTPart|com.CATLBattery.CATLPart,+,PROJECT MANAGER,0/10,ALL,false
AccessRule,,[/wt.inf.container.OrgContainer=CATL/wt.pdmlink.PDMLinkProduct=PLM二期测试库]/Default/CATLDefault/零部件,WCTYPE|wt.part.WTPart|com.CATLBattery.CATLPart,+,PROJECT_ASSISTANT,0/10,ALL,false
AccessRule,,[/wt.inf.container.OrgContainer=CATL/wt.pdmlink.PDMLinkProduct=PLM二期测试库]/Default/CATLDefault/零部件,WCTYPE|wt.part.WTPart|com.CATLBattery.CATLPart,+,QUALITY_REPRESENTATIVE,0/10,RELEASED,false
AccessRule,,[/wt.inf.container.OrgContainer=CATL/wt.pdmlink.PDMLinkProduct=PLM二期测试库]/Default/CATLDefault/零部件,WCTYPE|wt.part.WTPart|com.CATLBattery.CATLPart,+,RELIABILITYENGINEER,0/10,RELEASED,false
AccessRule,,[/wt.inf.container.OrgContainer=CATL/wt.pdmlink.PDMLinkProduct=PLM二期测试库]/Default/CATLDefault/零部件,WCTYPE|wt.part.WTPart|com.CATLBattery.CATLPart,+,SOFTWARE ENGINEER,0/2/10/13,ALL,false
AccessRule,,[/wt.inf.container.OrgContainer=CATL/wt.pdmlink.PDMLinkProduct=PLM二期测试库]/Default/CATLDefault/零部件,WCTYPE|wt.part.WTPart|com.CATLBattery.CATLPart,+,STANDARDIZATION_ENGINEER,0/10,ALL,false
AccessRule,,[/wt.inf.container.OrgContainer=CATL/wt.pdmlink.PDMLinkProduct=PLM二期测试库]/Default/CATLDefault/零部件,WCTYPE|wt.part.WTPart|com.CATLBattery.CATLPart,+,STRUCTURAL_DESIGN_ENGINEER,0/2/10/13,ALL,false
AccessRule,,[/wt.inf.container.OrgContainer=CATL/wt.pdmlink.PDMLinkProduct=PLM二期测试库]/Default/CATLDefault/零部件,WCTYPE|wt.part.WTPart|com.CATLBattery.CATLPart,+,SUPPLIER_UQALITY_MANAGEMENT,0/10,RELEASED,false
AccessRule,,[/wt.inf.container.OrgContainer=CATL/wt.pdmlink.PDMLinkProduct=PLM二期测试库]/Default/CATLDefault/零部件,WCTYPE|wt.part.WTPart|com.CATLBattery.CATLPart,+,SYSTEM_ENGINEER,0/2/10/13,ALL,false
AccessRule,,[/wt.inf.container.OrgContainer=CATL/wt.pdmlink.PDMLinkProduct=PLM二期测试库]/Default/CATLDefault/零部件,WCTYPE|wt.part.WTPart|com.CATLBattery.CATLPart,+,TEST_ENGINEER,0/10,RELEASED,false
AccessRule,,[/wt.inf.container.OrgContainer=CATL/wt.pdmlink.PDMLinkProduct=PLM二期测试库]/Default/CATLDefault/零部件,WCTYPE|wt.part.WTPart|com.CATLBattery.CATLPart,+,THERMAL-MANAGEMENT_EMULATE_ENGINEER,0/2/10/13,ALL,false
AccessRule,,[/wt.inf.container.OrgContainer=CATL/wt.pdmlink.PDMLinkProduct=PLM二期测试库]/Default/CATLDefault/零部件,WCTYPE|wt.part.WTPart|com.CATLBattery.CATLPart,+,WICKING_ENGINEER,0/2/10/13,ALL,false
AccessRule,,[/wt.inf.container.OrgContainer=CATL/wt.pdmlink.PDMLinkProduct=PLM二期测试库]/Default/CATLDefault/零部件,WCTYPE|wt.part.WTPart|com.CATLBattery.CATLPart,+,teamMembers,7,RELEASED,false
#AccessRule,user,domain,typeId,permission,principal,permissionList,state,allExceptPrincipal
AccessRule,,[/wt.inf.container.OrgContainer=CATL/wt.pdmlink.PDMLinkProduct=PLM二期测试库]/Default/CATLDefault/非FAE物料成熟度3升级报告,WCTYPE|wt.doc.WTDocument|com.CATLBattery.NFAEMaturityUp3Report,+,teamMembers,0/10,ALL,false
AccessRule,,[/wt.inf.container.OrgContainer=CATL/wt.pdmlink.PDMLinkProduct=PLM二期测试库]/Default/CATLDefault/非FAE物料成熟度3升级报告,WCTYPE|wt.doc.WTDocument|com.CATLBattery.NFAEMaturityUp3Report,+,teamMembers,0/1/10/11,MODIFICATION,false
AccessRule,,[/wt.inf.container.OrgContainer=CATL/wt.pdmlink.PDMLinkProduct=PLM二期测试库]/Default/CATLDefault/非FAE物料成熟度3升级报告,WCTYPE|wt.doc.WTDocument|com.CATLBattery.NFAEMaturityUp3Report,+,teamMembers,0/1/2/10/11/13,WRITING,false
#AccessRule,user,domain,typeId,permission,principal,permissionList,state,allExceptPrincipal
AccessRule,,[/wt.inf.container.OrgContainer=CATL/wt.pdmlink.PDMLinkProduct=PLM二期测试库]/Default/CATLEcWf,WCTYPE|wt.maturity.PromotionNotice|com.CATLBattery.DisabledForDesignPN,+,PROJECT MANAGER,0/1/2/10/11/13,WRITING,false
AccessRule,,[/wt.inf.container.OrgContainer=CATL/wt.pdmlink.PDMLinkProduct=PLM二期测试库]/Default/CATLEcWf,WCTYPE|wt.maturity.PromotionNotice|com.CATLBattery.UpgradeFaePartMaturityPN,+,CATL_EE_READER,0/10,ALL,false
